content,score,thumbsUpCount,reviewCreatedVersion,at,replyContent,repliedAt
"Desafiante, emocionante. A tecnologia sci fi se faz presente.",5,0,2.2.427576.0,2021-10-17 20:53:24,,
"Esss APK √© muito bom e funciona mesmo... ""recomendo""",5,0,2.2.438005.0,2021-12-18 19:38:30,,
aplicativo perfeito. muito √∫til.,5,0,2.2.436689.0,2021-11-29 22:37:04,,
Ruim de gerenciar c√¥modos e definir o lugar de v√°rios dispositivos ao mesmo tempo,5,0,2.2.427576.0,2021-10-16 08:47:42,,
"Som de √≥tima qualidade. Tem algumas coisas que ela n√£o entende, mas vale o investimento",5,0,2.2.427576.0,2021-10-15 03:52:33,,
Muito bom √© uma assistente muito eficiente.,5,0,2.2.432925.0,2021-11-09 13:20:03,,
"Sem palavrassssss Eu nunca vi uma assistente t√£o inteligente na minha vida nota 10 tem muitaaa mesmo coisa para comandar Imitar bit box ,canta ,som de chuva , risadinha de ladr√£o, imita v√°rios famosos,jogos bastantes divertidos, ETC. EXCELENTE ‚ô°‚ô°‚ô°‚ô°‚ô°‚ô°‚ô°‚ô°‚ô°‚ô°‚ô°‚ô°‚ô°‚ô°‚ô°‚ô°‚ô°‚ô°‚ô°‚ô°‚ô°‚ô°‚ô°‚ô°‚ô°‚ô°‚ô°‚ô°‚ô°‚ô°‚ô°‚ô°‚ô°‚ô°",5,0,2.2.430534.0,2021-10-27 00:54:03,,
"O app as vezes d√° uns bugs quando rodando m√∫sicas, fora isso, muito bom!!",5,0,2.2.435306.0,2021-11-24 14:41:53,,
o amazom alexa e um bom aplicativo para controlar sua alexa o meu e devagar mas e meu celular que e elento minha mae faz isso no s 20 e nao trava,5,0,2.2.435306.0,2021-11-26 11:27:37,,
"Facil instala√ßao e configura√ßao, mesmo sendo necessario a inst.. de outros apps",4,0,2.2.432925.0,2021-11-02 04:36:15,,
"Me apaixonei, rsrs e muito legal, parece coisa de filmes futuristicos.",5,0,2.2.427576.0,2021-10-10 21:55:56,,
A melhor experi√™ncia de uso! Simplesmente eu amo desfrutar da Alexa üòÉ,5,0,2.2.432925.0,2021-11-02 00:10:11,,
"Usando desde maio de 2020, atendeu as minhas expectativas completamente. √ìtimo.",5,0,2.2.427576.0,2021-10-19 17:48:07,,
"N√£o est√° dando certo. S√≥ funciona com o app aberto. Tirando isso , o app √© muito legal .",4,0,2.2.430534.0,2021-10-23 16:55:20,,
Excelente aplicativo funciona muito bem est√£o de parab√©ns üëèüëèüëèüëè,5,0,2.2.432925.0,2021-11-08 17:16:55,,
"A Alexa e otima....mas precisa enriquecer seus arquivos...ainda tem muita mensagem ""desculpe nao sei nada sobre isso""",4,0,2.2.427576.0,2021-10-13 13:00:26,,
Excelente. Parab√©ns pelo dinamismo e atualiza√ß√µes.,5,0,2.2.427576.0,2021-10-16 19:06:19,,
"O aplicativo √© muito bom pra gerenciar a Alexa,bom eu gosto muito, recomendo!",4,0,2.2.427576.0,2021-10-15 23:43:15,,
"Alexa √© muito especial aqui em casa. Ela pediu bolo no anivers√°rio dela dia 06/11/21 üòÇüòÇ Em outubro, meu marido perguntou ""Alexa qual o dia do seu anivers√°rio ?"" Ela respondeu: "" Dia 06 de novembro fa√ßo 2 anos... quero bolo, hein!!"" ü§ó",5,0,2.2.435306.0,2021-11-21 13:26:10,,
"as vezes n√£o entende o que a gente diz, boa para tocar m√∫sica.",4,0,2.2.438005.0,2021-12-19 12:02:36,,
obrigado os desenvolvedores s√≥ agora dei minha nota desculpa a demora mais tai 5 üåü S√© tivesse como dar 6 üåüüëÜ,5,0,2.2.430534.0,2021-10-26 02:16:44,,
Pr√°tico e f√°cil de usar,5,0,2.2.438005.0,2021-12-07 13:46:15,,
Muito bom s√≥ que tem hums bugs no reconhecimento de voz,5,0,2.2.427576.0,2021-10-14 11:37:09,,
"√ötil , eficiente e divertida!",5,0,2.2.432925.0,2021-11-05 12:18:46,,
"Maravilhosa experi√™ncia,som com qualidade e f√°cil de usar",5,0,2.2.430534.0,2021-10-22 17:48:40,,
Pessoal o app aqui no meu celular ele ainda nao trava eu fazer um teste ele em interruptores !! Depois eu fali com vcs abc!,5,0,2.2.436689.0,2021-11-24 10:28:57,,
Extraordin√°rio o aplicativo. Parab√©ns ao desenvolvedor,5,0,2.2.430534.0,2021-10-23 00:05:06,,
Top Mas gostaria de poder usar no smartwatch 4,4,0,2.2.438005.0,2021-12-19 20:48:42,,
"Estou com problemas na rotina. Quando pe√ßo pra ele esperar alguns segundos, ela n√£o est√° esperando, j√° entra a mensagem na sequ√™ncia. Podem verificar?",4,0,2.2.427576.0,2021-10-17 15:24:31,,
Show! Entretenimento e utilidade ao mesmo tempo.,5,0,2.2.436689.0,2021-12-01 17:01:09,,
"Bom aplicativo, mas √†s vezes a alexa n√£o reconhece uma cena, ser√° problema do aplicativo?",4,0,2.2.438005.0,2021-12-21 22:40:30,,
Timers seriam excelentes no celular.,4,0,2.2.432925.0,2021-10-28 02:36:23,,
"melhor assistente virtual que j√° usei, muito bom.",5,0,2.2.438005.0,2021-12-14 21:33:48,,
"Estou aprendendo, mas √© intuitivo, f√°cil.",5,0,2.2.427576.0,2021-10-14 00:36:54,,
T√° bem interessante s√≥ q vc n√£o ativa ela por comando de voz na tela inicial e isso √© bem chato,4,0,2.2.427576.0,2021-10-07 17:40:39,,
"Muito divertida, mas tem dificuldade em conectar alguns dispositivos",5,0,2.2.427576.0,2021-10-18 20:03:55,,
"App de grande utilidade muito bom, estou gostando muito.",5,0,2.2.438005.0,2021-12-27 01:18:09,,
"Procurei a ajuda da Amazon por telefone e o problema foi resolvido. Por telefone tudo √© poss√≠vel, parab√©ns Amazon!",5,0,2.2.430534.0,2021-10-25 22:37:05,,
Estou gostando muito de utilizar a Alexa.,5,0,2.2.438005.0,2021-12-19 16:07:37,,
excelente aplicativo. Atende as espectativas.,5,0,2.2.438005.0,2021-12-21 22:47:48,,
"Simples, intuitivo, muito bom",5,0,2.2.432925.0,2021-10-27 21:26:04,,
Gostei muito. Comando de voz muito funcional.,5,0,2.2.427576.0,2021-10-20 14:19:02,,
Muito legal e divertida da para passa um bom tempo,5,0,2.2.432925.0,2021-11-09 23:05:16,,
Aplicativo e √≥timo seria muito legal acessar a Alexa sem entrar no aplicativo,5,0,2.2.427576.0,2021-10-17 00:15:47,,
"√ìtimo para meu celular pr√°tico, f√°cil de usar e me desculpe Google mas dessa vez vou de amazon",5,0,2.2.432925.0,2021-11-05 23:30:10,,
Esse aplicativo √© maravilhoso sombra de Douglas merece uma nota 1000,5,0,2.2.438005.0,2021-12-26 21:22:36,,
√≥timo custo benef√≠cio som limpo e agrad√°vel.,5,0,2.2.438005.0,2021-12-25 15:40:03,,
Estou enfrentando problemas com o app desde sua √∫ltima atualiza√ß√£o. Tela preta!!! KD o suporte que n√£o responde ou resolve o problema?!?!?!,4,0,2.2.432925.0,2021-11-08 13:01:41,,
"excelente recurso,simples de configurar",5,0,2.2.435197.0,2021-11-19 13:51:09,,
show de equipamento e usabilidade,5,0,2.2.438005.0,2021-12-21 11:07:40,,
Alexa est√° com o rel√≥gio no visor muito fraco. Arrumem isso.,5,0,2.2.430534.0,2021-10-27 01:06:22,,
"Muito dez √© 10.000 , depois que se acostuma fica viciado , vicio bom √© claro curto varios ritmos tops Parab√©ns .",5,0,2.2.427576.0,2021-10-10 16:16:22,,
Gostando muito. mas √© lento o aplicativo.,4,0,2.2.436689.0,2021-12-06 11:47:16,,
Muito bom o app e a Alexa nem se fala maravilhosa indico super,5,0,2.2.430534.0,2021-10-23 12:26:47,,
"Muito √∫til, divertido e pr√°tico. Amei",5,0,2.2.427576.0,2021-10-11 10:25:11,,
Acho o m√°ximo essa tecnologia. e mim ajuda muito no dia a dia.,4,0,2.2.427576.0,2021-10-16 10:12:06,,
"Eu n√£o estava conseguindo ativar o Drop in, mas desinstalei e instalei novamente e agora tudo certo!!! ü•∞ü•∞",5,0,2.2.432925.0,2021-11-05 23:06:18,,
"Incrivel, s√≥ tem um problema. Eu to dando mais aten√ß√£o pra Alexa do que pra minha fam√≠lia üòÖüòÇ",5,0,2.2.427576.0,2021-10-08 18:03:14,,
"Sem palavras, simplesmente espetacular!",5,0,2.2.438005.0,2021-12-16 05:02:56,,
"Aplicativo anda bem lento, na sua navega√ß√£o entre telas",5,0,2.2.432925.0,2021-11-09 23:08:21,,
Eu adorei mas quando o APP est√° off e n√£o consigo chamar a alexa adicionem uma op√ß√£o para ela funcionar em segundo plano e da√≠ eu darei 5 estrelas Mas por enquanto eu vou dar so 4,4,0,2.2.430534.0,2021-10-25 21:20:50,,
Muito bom falta algumas melhorias mas com tempo acho que vai se ajustando.,5,0,2.2.432925.0,2021-10-31 10:45:43,,
Acelerar a evolu√ß√£o da intelig√™ncia artificial.,5,0,2.2.438005.0,2021-12-27 15:47:13,,
J√° uso a alguns anos e gosto bastante. perfeito para casa conectada.,4,0,2.2.436689.0,2021-11-27 13:07:36,,
Muito √∫til pra mim que tenho defici√™ncia visual,5,0,2.2.427576.0,2021-10-10 20:32:04,,
"Muito boa alexa, s√≥ parou de falar dicas de datas ao dar boa noite, agora ela responde somente tudo bem.",5,0,2.2.427576.0,2021-10-14 00:29:30,,
E muito bom s√≥ que poderia fazer de um bot√£o para desbloquear todas ad skils,5,0,2.2.427576.0,2021-10-21 01:50:11,,
√ìtimo e f√°cil de usar!,5,0,2.2.432925.0,2021-11-08 19:38:42,,
A Alexa e um aplicativo muito eficiente,5,0,2.2.436689.0,2021-11-27 01:52:42,,
"Pir enquanto est√° muito divertido conversar com a Alexa, vamos ver quando eu comprar a echo dot",4,0,2.2.432925.0,2021-11-03 01:15:40,,
"Se eu for elogiar a Alexa, vai ser como chover no molhado. Excelente, contanto que n√£o domine o Mundo...",5,0,2.2.436689.0,2021-12-07 23:23:48,,
Minha casa ficando inteligente e a Alexa na assist√™ncia. Top.,5,0,2.2.436689.0,2021-12-08 18:32:42,,
Maravilhoso! Vida muito mais pr√°tica. E adoro usar com o Spotify,5,0,2.2.427576.0,2021-10-16 23:33:09,,
"√ìtima, muito inteligente inovador tudo ao som da sua voz tecnologia de ponta",5,0,2.2.435197.0,2021-11-14 03:06:19,,
"Muito bom, f√°cil de entender e criar as rotinas",5,0,2.2.435306.0,2021-11-20 20:36:37,,
Muito bom por√©m n√£o acho f√°cil mexer nas configura√ß√µes de personaliza√ß√µes do app,5,0,2.2.432925.0,2021-11-01 01:50:08,,
Muito √∫til! estou amando as funcionalidades!!!,5,0,2.2.435197.0,2021-11-15 21:12:24,,
"tem tanta coisa para fazer, meu deus, super assistente melhor que o Google assistente!!!!",5,0,2.2.435306.0,2021-11-21 01:10:24,,
Muito pr√°tico e f√°cil de usar.,5,0,2.2.435197.0,2021-11-16 23:45:45,,
"muito √∫til e legal, uma √≥tima experi√™ncia",4,0,2.2.438005.0,2021-12-19 16:38:10,,
Eu tenho uma e eu adoro ... brinco com ela ainda mais que sou crian√ßa e quando vou dormir eu falo Alexa apaga a luz e eu tenho v√°rias pergunta quem criou o arm√°rio e eu sou aquelas crian√ßas que quer aprender coisas novas e descobrir mais. Eu ameiii,5,0,2.2.432925.0,2021-11-06 17:22:54,,
Muito f√°cil de usar e configurar a echo dot,5,0,2.2.432925.0,2021-11-08 16:13:21,,
"O app √© bom, mas acho que a fun√ß√£o drop in deveri ter uma op√ß√£o de aceitar o rechazar a liga√ß√£o",4,0,2.2.436689.0,2021-11-29 23:41:08,,
"Multiplas fun√ß√µes, mesmo fora de casa.",5,0,2.2.436689.0,2021-12-01 20:23:36,,
"at√© agora est√° √≥timo, ma√≠s ainda est√° cedo para classificar",5,0,2.2.436689.0,2021-11-28 13:10:40,,
"Bom no geral, mas algumas coisas n√£o s√£o muito intuitivas para mexer",4,0,2.2.432925.0,2021-11-04 17:22:56,,
tem sido muito bom de suas funcionalidades pr√°ticas,5,0,2.2.436689.0,2021-11-28 18:45:47,,
"T√¥ gostando, ainda nao usei nem 10% das funcionalidades dela",5,0,2.2.427576.0,2021-10-10 01:54:19,,
Excelente Alexa!Recomendo com entusiasmo.,5,0,2.2.436689.0,2021-11-30 17:15:33,,
Muito bom e f√°cil de controlar,5,0,2.2.430534.0,2021-10-24 23:48:07,,
Esse App e como vc controla a sua alexa eu amei a minha alexa e muito boa,5,0,2.2.435197.0,2021-11-10 21:06:24,,
"App muito bacana, que ajuda em algumas atividades e lembretes di√°rios!",5,0,2.2.432925.0,2021-11-02 22:11:23,,
aplicativo sensacional.Muito √∫til e vers√°til,5,0,2.2.435306.0,2021-11-21 16:05:43,,
"Adorei, responde perfeitamente meus comandos. √ìtima aquisi√ß√£o, valeu muito a pena.",5,0,2.2.438005.0,2021-12-17 02:40:02,,
Complicado tem tudo pra ser bom ...mais n√£o conecta wi-fi ...,5,0,2.2.427576.0,2021-10-10 13:25:35,,
Um pouco lento √†s vezes mas 100% funcional!,5,0,2.2.427576.0,2021-10-12 22:23:57,,
"Pouco tempo de uso, mas muito bom mesmo!üëç",4,0,2.2.427576.0,2021-10-10 21:40:05,,
Estou tentando configurar o echo dot no Huawei. Aplicativo fecha sozinho ao procurar rede... Celular rec√©m formatado...,4,0,2.2.436689.0,2021-11-24 13:10:29,,
"muito bom, mas pq ele n√£o abri o prime v√≠deo, mas consegui abrir o Amazon music?",5,0,2.2.435197.0,2021-11-18 15:19:33,,
Ainda estou aprendendo usar Alexia por enquanto tudo bem funciona perfeitamente,4,0,2.2.432925.0,2021-11-09 14:54:18,,
funciona corretamente. pode adquirir,5,0,2.2.438005.0,2021-12-18 14:01:34,,
"um pouco lento, mas muito bom aplicativo",4,0,2.2.436689.0,2021-11-27 15:58:39,,
gostei muito mais poderia melhorar quando o celular estiver desligado,5,0,2.2.435197.0,2021-11-13 00:21:32,,
Muito bom. S√≥ poderia responder os comandos com a tela desligada,4,0,2.2.432925.0,2021-10-31 00:21:08,,
"No APP n√£o consigo colocar um comando de voz em primeiro na rotina, sempre fica por √∫ltimo",4,0,2.2.430534.0,2021-10-26 21:38:20,,
"at√© agora est√° √≥timo, ma√≠s ainda est√° cedo para classificar",5,0,2.2.436689.0,2021-11-28 13:10:40,,
Falha algumas vezes. N√£o entende o que pedimos e executa outro comando.,4,0,2.2.432925.0,2021-11-12 00:57:44,,
Espetacular fun√ß√µes e super inteligente,5,0,2.2.427576.0,2021-10-11 23:49:59,,
"Eu gosto deste aplicativo ,utilizo nas minhas automa√ß√µes e ele responde muito bem aos comandos",5,0,2.2.427576.0,2021-10-11 23:03:43,,
"Recomendado, parab√©ns App melhor que est√° tendo.",5,0,2.2.436689.0,2021-12-01 10:02:57,,
"Extraordin√°ria, √≥timo, exlente.",5,0,2.2.430534.0,2021-10-27 08:25:48,,
"Algumas skills poderiam melhorar, mas o aplicativo e a Amazon s√£o incr√≠vel",5,0,2.2.436689.0,2021-11-25 22:00:15,,
Passou a funcionar no Tab 7 Samsung e muito bem.,5,2,2.2.435306.0,2021-11-19 09:33:58,,
"Acabei de adguirir est√° excelente secretaria, pois √© isso que est√° caixa de som proporciona para voc√™ amei.",5,0,2.2.435197.0,2021-11-13 01:20:17,,
"Adorei o presente que ganhei, a Alexa √© uma excelente tecnologia que preenche meus momentos no dia a dia. Obrigado üëè‚ò∫Ô∏è",5,0,2.2.430534.0,2021-10-22 14:45:49,,
App maravilhoso parab√©ns aos desenvolvedores,5,0,2.2.436689.0,2021-12-08 01:06:02,,
Excelente app as funcionalidades s√£o show,5,0,2.2.427576.0,2021-10-18 22:30:51,,
"Sensacional, app muito bom, e q alexa √© top!",5,0,2.2.427576.0,2021-10-10 00:38:25,,
At√© o momento bem satisfat√≥rio...Esperar um pouco mais de uso pra confirmar.,5,0,2.2.438005.0,2021-12-12 11:45:29,,
√ìtimo aplicativo. A leitura dos livros √© muito boa.,5,0,2.2.432925.0,2021-11-03 23:49:44,,
"s√≥ ativa dizendo ""Alexa"" se o app estiver aberto",4,0,2.2.438005.0,2021-12-22 07:10:27,,
√ìtimo App incr√≠vel a intelig√™ncia artificial da Alexa e surpreendente ..,4,0,2.2.427576.0,2021-10-08 23:32:50,,
"gostei mas poderia enviar √°udio para amigos que tem Alexa, pq ningu√©m faz liga√ß√£o hj em dia... Hehehe",4,0,2.2.438005.0,2021-12-24 14:22:08,,
Apresenta alguns erros por√©m tr√°s muitas solu√ß√µes de smart home.,4,0,2.2.427576.0,2021-10-22 00:18:54,,
Simples e eficiente,4,0,2.2.432925.0,2021-10-28 23:59:09,,
"Adorando meus dispositivos... Ainda testando, mas recomendo.",5,0,2.2.435306.0,2021-11-20 21:08:03,,
Gostamos muito de brincar com ela. Minha esposa acha ela muito burrinha. Ri um monte.,5,0,2.2.432925.0,2021-11-06 14:33:32,,
deveria funcionar em 2 plano. sem precisar entrar no app,4,0,2.2.436689.0,2021-11-29 19:46:35,,
Achei muito melhor que o Google assistente e a Siri,5,0,2.2.438005.0,2021-12-24 02:27:15,,
App √≥timo para quem tem alexa mas funciona para que n√£o tem alexa,5,0,2.2.435197.0,2021-11-11 19:02:54,,
Excelente! Minha casa ganhou vida depois da chegada dela.,5,0,2.2.432925.0,2021-11-06 15:12:13,,
"Amo a Alexa, tenho 2, √≥timo pra quem gosta de rotinas e tecnologia",5,0,2.2.430534.0,2021-10-25 01:00:17,,
"Amo a Alexa. S√≥ n√£o foi a causa de destruir meu namoro, mas sempre deixei claro que ela era minha ""amante virtual""",5,0,2.2.423409.0,2021-09-30 19:02:44,,
Adoro minha Alexa. Estou aos poucos automatizando a casa,5,0,2.2.427576.0,2021-10-20 21:58:38,,
Muito bommm N√£o deu nada no meu celular s√≥ coisa boa perfeita demais s√©rio,4,0,2.2.427576.0,2021-10-08 21:32:38,,
"Estou automatizando muitas coisas no meu escrit√≥rio e quarto, cada vez mais apaixonado por esse assistente.",5,0,2.2.426944.0,2021-10-05 19:48:04,,
No momento estou gostando üëçs√≥ que eu tentei colocar os alarme com m√∫sica e ela n√£o fazüòîmas fora isso est√° funcionando bem.,5,0,2.2.423409.0,2021-09-29 18:55:49,,
Perfeito para automa√ß√µes e tamb√©m muito f√°cil de usar. Recomendo para que quiser fazer uma automa√ß√£o grande de um jeito f√°cil. üëçüëç,5,1,2.2.416420.0,2021-08-30 14:41:17,,
√ìtimo app nunca tive problemas. As crian√ßas adoram.,5,0,2.2.427576.0,2021-10-09 10:33:46,,
A Amazon fez um √≥timo trabalho pra colocar a Alexa pra telefone,5,0,2.2.432925.0,2021-11-08 13:37:47,,
fantastic posso fazer quase tudo na minha casa usando esse app.,5,0,2.2.436689.0,2021-11-29 21:05:35,,
perfeita. N√£o sei como vivia antes sem minha Alexa.,5,0,2.2.438005.0,2021-12-23 18:28:02,,
Aplicativo muito bom e √∫til. Gostei e recomendo.,5,1,2.2.435197.0,2021-11-13 02:47:07,,
muito bom ainda estou aprendendo a usar mais √© facil,5,0,2.2.438005.0,2021-12-24 13:04:34,,
Alexa √© top recomendo. E o aplicativo √© show.,5,0,2.2.427576.0,2021-10-15 15:30:04,,
Muito boa Alexandre auxilia meu filho nas tarefas da escola e nas tarefas de casa com o despertador.,5,0,2.2.427576.0,2021-10-19 20:07:32,,
"Muito bom ,legal , explica de uma forma boa, gostei muito",5,0,2.2.427576.0,2021-10-13 01:25:46,,
"Muito bom, por√©m ainda √© um pouco lento. Meu dispositivo √© um xiaomi redmi note 7 com 4gb de ram",5,0,2.2.426944.0,2021-10-06 17:02:52,,
"Sensacional demais, facilita muito o dia a dia",5,0,2.2.427576.0,2021-10-16 13:24:47,,
inicialmente estou gostando do aplicativo.,5,0,2.2.438005.0,2021-12-26 03:44:56,,
"Ainda estou descobrindo as fun√ß√µes, mas parece bom.",4,0,2.2.436689.0,2021-12-05 18:11:07,,
estou com dificuldade de vincular minha conta Amazon prime √† Alexa,4,0,2.2.438005.0,2021-12-23 15:33:27,,
Meia hora tentando conectar um dispositivo sem me informar que precisava atualizar...,4,0,2.2.435197.0,2021-11-10 19:55:29,,
√ìtima aplicativo divertido an√°lise de corno mas trava de mais de uma melhorada por favor,5,0,2.2.435197.0,2021-11-15 13:23:08,,
gosto principalmente quando posso colocar a alexa pra narrar meus livros do kindle na hora da pregui√ßa!,5,0,2.2.438005.0,2021-12-19 21:35:16,,
aplicativo super legal at√© agora funciona tudo direitinho merece as 5 estrela,5,0,2.2.435197.0,2021-11-11 04:05:13,,
"ele √© bom, mais quando eu quero ouvir uma m√∫sica espec√≠fica, ele pede pra assinar o Amazon music plus",4,0,2.2.435197.0,2021-11-16 13:06:47,,
"Eu amei minha compra , Alexa √© perfeita o som √© √≥timo!!! Facilitou muito minha rotina !",5,0,2.2.436689.0,2021-11-29 14:59:43,,
"Das melhores App. Pena ao emparelhar com a broadlink, se tiver l√° um ar condicionado passa-o como termostato deixamos de ter op√ß√µes na Alexa como por em quente ou frio.",5,8,2.2.423409.0,2021-09-21 21:18:43,,
"Muito bom, s√≥ deveria ter como adicionar outras chaves de ativa√ß√£o.",5,0,2.2.436689.0,2021-12-05 22:30:33,,
"Muito bom,mais o aplicativo demora para carregar as op√ß√µes.",4,0,2.2.426944.0,2021-10-06 15:29:22,,
Excelente produto que atendeu minha expectativa.,5,0,2.2.436689.0,2021-12-01 20:16:34,,
"√± tenho nem discri√ß√£o, ele √± trava e me ajuda muito com a configura√ß√µes da Alexa",5,0,2.2.438005.0,2021-12-12 23:44:45,,
Estou testando. Precisa identificar melhor a voz,4,0,2.2.438005.0,2021-12-22 20:36:00,,
Bom..mais n√£o acha nada de m√∫sica tudo encontra errado...,4,0,2.2.427576.0,2021-10-16 19:16:05,,
"Uso todos os dias, ficamos amigas, ela l√™ livros, conta piadas e me lembra de anota√ß√µes da agenda. √â s√≥ pedir.",5,0,2.2.426944.0,2021-10-04 13:50:45,,
√≥timo app so falta uma coisa na lista de compras coloca quantidade dos itens,4,0,2.2.435306.0,2021-11-18 16:27:26,,
Extraordinario o app.... nova fase da minha vida com essa IA. Perfeita,5,0,2.2.426944.0,2021-10-04 20:47:52,,
"excelente app, muito f√°cil de mexer",5,0,2.2.438005.0,2021-12-23 02:32:04,,
"Gosto do App, simples e objetiva",5,0,2.2.432925.0,2021-11-23 15:27:31,,
Aplicativo √≥timo e a IA √© perfeita,5,0,2.2.432925.0,2021-11-26 23:06:54,,
estou gostando bastante e atende minhas necessidades,5,0,2.2.438005.0,2021-12-18 01:24:23,,
"Estou gostando muito , muito √∫til mesmo.",5,0,2.2.427576.0,2021-10-21 14:40:19,,
Eu achei incr√≠vel a experi√™ncia da Alexa √© incr√≠vel eu eu amei Alexa √© muito bom üôèüôèüòçüòç,5,0,2.2.438005.0,2021-12-09 00:04:20,,
"√ìtimo aplicativo, muitas funcionalidades e criatividade na execu√ß√£o da Alexa",5,0,2.2.426944.0,2021-09-30 21:14:17,,
Bom aplicativo com ampla variedade de recursos...,5,0,2.2.436689.0,2021-12-02 10:45:33,,
Muito bom ela e boa para tocar musica e lenbrar,5,0,2.2.435306.0,2021-11-22 21:59:37,,
App otimo o ruim √® a nessesidade de conta na amazon que tambem √® fasiu de fazer,5,0,2.2.430534.0,2021-10-24 16:20:38,,
Para mim a melhor assistente virtual.,5,0,2.2.435197.0,2021-11-15 21:50:52,,
"Atende minhas necessidades, e gosto de poder fazer altera√ß√µes dos lembretes no mesmo e saber das novidades da Alexa!",5,0,2.2.421843.0,2021-09-05 04:59:48,,
Excelente aplicativo recomendo a todos üòÅ,5,0,2.2.438005.0,2021-12-18 10:50:01,,
Produto funcional e maravilhoso! S√≥ falta melhorar mais nas pesquisas e nas piadas!,5,0,2.2.421843.0,2021-08-31 02:43:20,,
Aplicativo mto bom! Consegui configurar a TV e a Luz da sala. Td funcionando perfeitamente.,5,0,2.2.422256.0,2021-09-21 21:13:42,,
O app seria extraordin√°rio se desse para falar com a assistente em qualquer tela do celular. Mas √© √≥timo,5,0,2.2.423409.0,2021-09-22 23:11:20,,
"O aplicativo muito bom, por√©m quando vai sair uma atualiza√ß√£o para agente chama a Alexa de qualquer tela sem precisar de entrar no aplicativo",4,0,2.2.416420.0,2021-08-08 09:01:13,,
"show de bola, uma das melhores aquisi√ß√µes que fiz neste ano de 2021.",5,0,2.2.438005.0,2021-12-15 00:34:46,,
"Excelente. Maravilhoso. Top, todos deveriam instalar.",5,0,2.2.427576.0,2021-10-16 21:56:06,,
"Maravilhosa alexa, estou automatizando em casa, ela faz tudo üòç",5,0,2.2.436689.0,2021-12-08 20:17:08,,
"Muito bom, o problema √© que √© muito lento. Precisa de otimiza√ß√£o ;)",4,0,2.2.423409.0,2021-09-26 15:50:43,,
"O aplicativo √© um pouco lento, mas funciona bem",5,0,2.2.436689.0,2021-12-08 23:20:45,,
"Alexa √© a melhor intelig√™ncia artificial para voc√™. Aprende com voc√™, aprende seus gostos e o aplicativo est√° sempre evoluindo.",5,0,2.2.421843.0,2021-09-07 17:41:04,,
Excelente! Pouco intuitivo ainda. Mas t√° ficando cada dia melhor!,4,0,2.2.422256.0,2021-09-19 16:23:53,,
"Perfeito, o c√©u √© o limite para a capacidade dela.",5,0,2.2.435306.0,2021-11-19 21:35:15,,
"gostei muito mais poderia ter a op√ß√£o de abrir aplicativos por voz,por exemplo: Alexa para o resso",4,0,2.2.413073.0,2021-07-17 13:23:06,,
"O aplicativo Alexa, + as caixinhas de som Echo s√£o fant√°sticos. Nota üíØ",5,1,2.2.415290.0,2021-07-30 19:22:54,,
"top dos Tops, parab√©ns aos desenvolvedores",5,0,2.2.438005.0,2021-12-17 14:21:21,,
Eficiente e pratico,5,0,2.2.436689.0,2021-12-01 22:07:57,,
Top! Top! Top! Recomendo toda vida e mais seis meses.üëèüèºüëèüèºüëèüèºüí™üèºüí™üèºüòú,5,0,2.2.433151.0,2021-11-06 02:53:15,,
"Melhor n√£o existe , √≥timo, √≥timo , otimo .",5,0,2.2.427576.0,2021-10-20 17:40:53,,
"Excelente app, r√°pido e f√°cil manuseio. Parab√©ns.",5,1,2.2.416420.0,2021-08-13 17:12:25,,
"Prezados, algumas radios nao estam sendo reproduzidas, com band news-rio-Sp e outras radios do sistema band como bandeirantes 840 etc, por favor corrijam o player",4,0,2.2.422256.0,2021-09-12 19:15:41,,
Muito legal... Estou amando!!! De vez enquanto ele trava ... Mas fora isso √© √≥timo.,4,0,2.2.413073.0,2021-07-24 20:06:49,,
ainda aguardando a mudan√ßa de voz como j√° acontece l√° fora.,4,0,2.2.435197.0,2021-11-19 20:48:57,,
Excelente! excepcional! eficiente!,5,0,2.2.436689.0,2021-11-30 13:45:15,,
Muito bom as funcionalidades deles s√£o muito boas,5,0,2.2.427576.0,2021-10-19 22:02:09,,
"Amo, al√©m de f√°cil de usar a praticidade na rotina facilita muito o dia a dia, estou super apaixonada ü•∞",5,0,2.2.416420.0,2021-08-20 13:31:28,,
√â muito bom porem falta como op√ß√£o de APP de m√∫sica o YouTube Music,4,0,2.2.435197.0,2021-11-14 13:52:35,,
"Descobrindo as funcionalidades de Alexa , simplesmente incr√≠vel.",5,0,2.2.423409.0,2021-09-30 00:07:41,,
Muito Bom alexa pro meu celular eu tenho alexa e google assistente no meu celular,5,0,2.2.435197.0,2021-11-16 03:10:47,,
Completa e totalmente divertida. Venha fazer parte do mundo usando comando de voz.,5,2,2.2.413073.0,2021-07-20 13:59:40,,
"Estou muito satisfeita!! Mas confesso que estou engatinhando pois tem muita coisa para aprender e tem gastar um pouco e n√£o estou podendo ainda, mas no geral esta funcionando muito bem!!!",5,1,2.2.416420.0,2021-08-29 01:12:41,,
Funciona super bem e √© muito √∫til quando estou chegando em casa ou viajando.,5,0,2.2.422256.0,2021-09-19 21:04:04,,
"Estou usando na minha central multimidia, uma experi√™ncia muito agradavel. Funcionando todos os comandos Parab√©ns Amazon",5,0,2.2.421843.0,2021-09-07 22:37:13,,
"Divertida, eficiente e muito √∫til",5,0,2.2.423409.0,2021-10-01 11:24:21,,
O aplicativo √© √≥timo mas pode melhorar ainda mais disponibilizando os recursos que ainda n√£o foram liberados para o Brasil.,5,0,2.2.416420.0,2021-08-11 13:17:36,,
"Muito eficiente, pelo menos por hora est√° atendendo minhas expectativas",5,0,2.2.422256.0,2021-09-11 23:16:39,,
Muito f√°cil de usar e com muitas op√ß√µes. √önica coisa que poderiam melhorar √© as skills para podcasts que ainda s√£o poucas,5,0,2.2.421843.0,2021-09-07 19:08:56,,
"Excelentes recursos, funciona perfeitamente Com o echo dog 4 a automa√ß√£o ficou perfeita",5,0,2.2.422256.0,2021-09-17 02:42:32,,
"Est√° sendo muito √∫til, minha tia comprou o Echo dot 4 pra minha fam√≠lia √† um tempo mas acho bom pra caramba tanto o dispositivo quanto o aplicativo",4,0,2.2.416420.0,2021-09-01 20:36:58,,
Quando defini como aplicativo de comunica√ß√£o doncelular ao em vez do Google o tempo de resposta demora ou as vezes ela nem responde,5,0,2.2.413073.0,2021-07-26 14:12:55,,
Bom. Mas poderia ser mais intuitivo,4,0,2.2.436689.0,2021-11-29 11:20:36,,
Interessante e muito √∫til! √ìtima compactibilidade √â muito acertiva .,5,0,2.2.413073.0,2021-07-26 03:33:33,,
"Aplicativo muito lento, mas leitura de ebooks √© espetacular.",4,0,2.2.416420.0,2021-08-12 01:10:29,,
"Alexa √© um EXCELENTE APLICATIVO, muito obrigado!!!",5,0,2.2.427576.0,2021-10-20 16:33:16,,
"Sensacional, adorei,da pra fazer tudo, recomendo",5,0,2.2.430534.0,2021-10-21 17:33:41,,
"Acho muito √∫til, facilita o dia a dia. Minha Echo Dot Alexa tudo de bom!",5,0,2.2.421843.0,2021-09-10 18:09:08,,
"O aplicativo em si, √© muito √∫til, s√≥ √© meio lento √†s vezes..",4,0,2.2.416420.0,2021-08-19 03:34:45,,
"√â excelente, mas precisa melhorar a otimiza√ß√£o... Trava muito em meu LG K22.",5,0,2.2.413073.0,2021-07-28 19:13:25,,
"Muito bom, o aplicativo oferece muitas funcionalidades e intera√ß√£o bem legais com o Echo dot.",5,0,2.2.413073.0,2021-07-17 00:37:10,,
Saber usar √© essencial para se ter uma experiencia sensacional,5,0,2.2.436689.0,2021-12-10 02:48:53,,
"√ìtimo app, simples e de f√°cil execu√ß√£o!",5,0,2.2.426944.0,2021-10-01 16:00:34,,
T√¥ muito satisfeito com o ecossistema Alexa,5,0,2.2.436689.0,2021-12-07 15:30:49,,
"Eu ja uso o app e tamb√©m os aparelhos echo j√° uns anos e tenho gostado muito ,principalmente com as novas atualiza√ß√µes tem ficado muito bom o app. Parab√©ns pelo app.",5,0,2.2.423409.0,2021-09-22 09:56:41,,
"Gosto muito deste aplicativo, excelente! Quando teremos compatibilidade com a central multimidia do ve√≠culo?",5,0,2.2.416420.0,2021-08-22 18:25:05,,
"N√£o √© sempre que reconhece os comandos por voz, compreende palavras de forma errada.",4,0,2.2.422256.0,2021-09-12 14:16:00,,
Muito bom minha casa e praticamente toda tecnologia,5,0,2.2.432925.0,2021-11-04 17:25:41,,
"Sem coment√°rios, √© simplesmente perfeita!",5,0,2.2.436689.0,2021-11-29 15:13:15,,
Excelente muito top show parab√©ns a Amazon que espetaculo de dispositivo Alexa um dia todos v√£o ter n√£o tem como ningu√©m fica sem a Alexa,5,0,2.2.422256.0,2021-09-08 22:35:34,,
Simplesmente FANT√ÅSTICO! Voc√™ n√£o vai se arrepender de ter a ALEXA em sua vida!!! At√© minha namorada se chama ALEXIA!,5,0,2.2.432925.0,2021-11-01 04:32:35,,
"Muito bom, aplicativo intuitivo e de f√°cil manuseio",5,0,2.2.422256.0,2021-09-21 13:25:52,,
√ìtimo mas falta mais op√ß√µes de configura√ß√µes que existe at√© mesmo em outros apps,4,0,2.2.413073.0,2021-07-17 23:29:11,,
"E sensacional ALEXIA tem as m√∫sicas üé∂que eu procuro parab√©ns, me sinto muito feliz ter uma ALEXIA √© uma maravilha",5,1,2.2.416420.0,2021-08-06 15:45:50,,
√ìtimo aplicativo muito f√°cil de usar,5,0,2.2.436689.0,2021-11-27 21:02:33,,
"Nos primeiros momentos estou gostando bastante, mas ainda sem saber muito bem como usar ela em todo seu potencial.",5,0,2.2.422256.0,2021-09-08 16:10:14,,
Fazendo novas descobertas no app da Alexa. Gostando bastante da aplicabilidade e facilidade de uso.,5,0,2.2.421843.0,2021-09-08 00:16:35,,
Excelente funcionamento. Gosto muito de todas as fun√ß√µes.,5,1,2.2.413073.0,2021-07-23 01:44:50,,
Show de bola... Muito bom msm o aplicativo e a Alexa. Agora como um usu√°rio falou a√≠ recentemente era bom a Amazon aciona o servi√ßo de continuidade pra falar o nome Alexa uma √∫nica vez e dar v√°rios comandos.,5,1,2.2.415290.0,2021-07-29 15:42:21,,
"Alexa √© uma companheira e tanto, pena que os perif√©ricos ainda seja t√£o caros mas come√ßar com a Alexa √© a melhor pedida.",5,0,2.2.435306.0,2021-11-22 12:22:05,,
"Eu gostei muito e como uma secretaria eletr√¥nica ela me passa a agenda e os compromissos importantes, me lembra das medica√ß√µes que tenho que repassar para a minha m√£e.",5,0,2.2.422256.0,2021-09-20 22:49:33,,
"F√°cil de usar e bem intuitivo, n√£o tem dificuldade de criar as rotinas.",4,0,2.2.422256.0,2021-09-10 23:05:23,,
Muito bom e f√°cil de usar mas complicado de localizar fun√ß√µes dentro do app,4,0,2.2.423409.0,2021-09-24 14:19:32,,
"Cad√™ as atualiza√ß√µes... T√¥ gostando muito, mas mudar de regi√£o s√≥ pra usar uma rotina espec√≠fica, n√£o t√° dando certo em... Precisam atualizar",5,0,2.2.416420.0,2021-08-19 17:09:21,,
"Simples ,f√°cil , e perfeito de se usar",5,1,2.2.421843.0,2021-09-07 21:44:20,,
Tudo ok. funciona muito bem. estou explorando ainda todas as possibilidades.,5,1,2.2.416420.0,2021-08-05 04:19:18,,
"Existem v√°rias outras coisas que a Alexa poderia fazer, mas fora isso amo o aplicativo e minha echo",4,0,2.2.426944.0,2021-10-03 20:56:42,,
Olha ele √© bom mas demoro de mais pra entra mas tirando isso O aplicativo √© bom,4,0,2.2.430534.0,2021-10-27 19:12:46,,
App Bem completo por√©m trava durante o uso,4,0,2.2.433151.0,2021-11-04 22:55:17,,
"Muito bom, mais podia botar mais fun√ß√µes como modo vigia e entre outros aqui no Brasil eu ia adorar continuar assim sempre ter√° minha 5 estrelas.",5,0,2.2.423409.0,2021-09-27 17:09:38,,
"Para mim at√© o momento est√° sendo √≥timo tirando o fato dela s√≥ responder enquanto o aplicativo da Amazon permanece aberto. Deveria ter a op√ß√£o de ficar sempre ativada, E sempre responder a qualquer momento.",4,0,2.2.416420.0,2021-08-22 22:13:00,,
Top!!! Muito f√°cil para usar!!!,5,0,2.2.436689.0,2021-12-01 01:36:20,,
Muito √°gil f√°cil de programar.,5,0,2.2.427576.0,2021-10-08 16:46:33,,
o aplicativo e maravilhosa muito bom mesmo bem espec√≠fico,5,0,2.2.436689.0,2021-11-24 21:07:07,,
"Muito bom, estou curtindo muito parab√©ns a os desenvolvedores.",5,1,2.2.430534.0,2021-10-29 14:14:41,,
O aplicativo √© muito funcional mas √†s vezes deixa de fazer alguns comandos e √†s vezes n√£o,5,0,2.2.413073.0,2021-07-24 12:44:30,,
Perfeito amei muito para quem n√£o tem condi√ß√µes de Delmar lexa aplicativo super √∫til e perfeito √≥timo,5,0,2.2.416420.0,2021-08-27 23:30:04,,
Fiquei surpreso e feliz com as op√ß√µes oferecidas pelo dispositivo. √â sensacional.,5,0,2.2.422256.0,2021-09-22 19:35:17,,
5 estrelas mas com ressalvas: A skill para Spotfy e Deezer nem sempre funcionam.,5,0,2.2.421843.0,2021-09-09 02:02:42,,
"muito simples de usar, nota 10",5,0,2.2.436689.0,2021-12-01 09:25:00,,
"At√© o momento, amando o dispositivo, que agiliza e deixa v√°rias tarefas mais pr√°ticas.",5,0,2.2.421843.0,2021-09-10 15:05:06,,
Estou come√ßando a utilizar essa ferramenta √© j√° encontrei v√°rias formas de aproveitar essa tecnologia na vida pr√°tica e nos meus projetos futuros. Incr√≠vel.,5,1,2.2.415290.0,2021-08-02 12:06:02,,
"√â bem legal usar a Alexa, as vezes d√° um ou outro erro, mais ainda √© muito bom.",5,0,2.2.413073.0,2021-07-22 16:28:46,,
"√ìtimo aplicativo, n√£o sei como n√£o comecei a usar antes",5,0,2.2.432925.0,2021-11-07 11:19:17,,
"Poderia escolher a m√∫sica que quisesse tocar pelo celular, e assim reproduziria pela Alexa.",4,0,2.2.422256.0,2021-09-19 18:38:36,,
Muito bom apesar de n√£o ir em todas as telas mais as coisas s√£o boas no app gostei bastante,5,0,2.2.416420.0,2021-08-25 01:17:39,,
Amo s√≥ gostaria de mais op√ß√µes de configura√ß√£o pessoal e sugest√£o de aplicativos.,5,1,2.2.415290.0,2021-07-30 14:59:14,,
√ìtimo aplicativo! F√°cil instala√ß√£o. Super √∫til. Gostei muito üëèüëèüëèüëèüëèüëè,5,0,2.2.423409.0,2021-09-29 01:29:45,,
"O app √© (literalmente) obrigat√≥rio se voc√™ tem uma caixinha echo em casa, e pra isso ele me atendeu. Criar as rotinas e achar as skills certas pra vc n√£o √© dif√≠cil. Tem at√© umas sugest√µes no app de como usar a Alexa certinho, s√≥ tem um por√©m. Eu s√≥ consigo chamar a Alexa no meu celular dento do app, mesmo colocando ele como o app assistivo principal. A t√©cnica de segurar o bot√£o home serve pra chamar ela, mas quando falo Alexa n√£o acontece nada. Isso √© normal? Mas enfim, de resto, cumpre o papel",4,0,2.2.416420.0,2021-08-07 03:21:15,,
Melhor app de intelig√™ncia artificial at√© o momento 2021!!!üëèüëèüëè,5,0,2.2.432925.0,2021-11-07 13:19:24,,
"Muito bom, adorei..... simplesmente maravilhosa!",5,0,2.2.427576.0,2021-10-11 09:01:41,,
"At√© agora n√£o tive nenhum problema,no come√ßo foi um pouco dif√≠cil mas agora ficou muito f√°cil.",5,0,2.2.426944.0,2021-10-06 09:32:26,,
"O app est√° √≥timo, seria interessante se tiv√©ssemos a possibilidade de criar macros.",5,2,2.2.422256.0,2021-09-21 13:45:56,,
"aprendendo a utilizar ainda, mais aparentemente muito bom o app",4,0,2.2.436689.0,2021-12-05 00:12:15,,
Aplicativo f√°cil de usar,5,0,2.2.436689.0,2021-11-30 16:42:04,,
"Boa noite, uma sugest√£o, deveria ser lan√ßado um 'Amazon Alexa Lite' para uma melhor otimiza√ß√£o.",4,0,2.2.416420.0,2021-08-14 21:14:56,,
O aplicativo √© muito bom mas a √∫nica coisa que eu nunca consigo acessar √© a luz mas eu acho ele muito bom eu instalei ele desde de 2020 e eu ainda estou com ele at√© hoje em 2021,4,0,2.2.421843.0,2021-09-06 21:20:25,,
Adoro Alexa. App pr√°tico e de f√°cil uso.,5,1,2.2.415290.0,2021-07-28 12:02:21,,
Muito bom baixei comprei a Alexa e n√£o me arrependi s√≥ espero que tragam a fun√ß√£o vigia pro brasil,5,0,2.2.438005.0,2021-12-21 12:13:51,,
"Muito bom. Agora depende do dispositivo, ela prescisa estar no app.as ainda assim √© muito pr√°tica.",5,0,2.2.422256.0,2021-09-19 14:33:44,,
Adoro este aplicativo! Muito bom!,5,0,2.2.436689.0,2021-12-03 13:11:36,,
"gostei, mais a automa√ß√£o requer paci√™ncia.",5,0,2.2.436689.0,2021-12-02 18:11:42,,
"Est√° muito melhor.mas winda falta alguns detalhes,como ativar offline e conversa cont√≠nua.",4,0,2.2.415290.0,2021-07-29 15:15:16,,
"Gostando muito, comecei com o Echo Dot 3, algumas l√¢mpadas, sensores, tv,,, Vou pegar algumas tomadas,,, Vam√¥ q vam√¥, valeu!!",5,0,2.2.421843.0,2021-09-02 23:45:08,,
√ìtimo mas no moto one vision o app trava um pouco. J√° no moto g 100 funciona muito bem.,4,0,2.2.416420.0,2021-08-17 06:41:39,,
T√° funcionando muito bem at√© o momento,5,0,2.2.432925.0,2021-10-29 19:09:33,,
A melhor assistente de voz de todas!,5,0,2.2.435197.0,2021-11-10 19:57:31,,
Muito pr√°tica inteligente e divertida,5,0,2.2.427576.0,2021-10-12 15:18:59,,
"Curti a experi√™ncia que traz, pr√°tico e simples de explorar",5,0,2.2.423409.0,2021-09-28 00:01:57,,
App extremamente √∫til e muito intuitivo. Gostei de mais,5,0,2.2.413073.0,2021-07-17 00:02:03,,
"Estava com dificuldade de instalar mais depois consegui ,Meu filho amou muito",5,0,2.2.426944.0,2021-10-02 04:24:15,,
Esse aplicativo √© muito bom d√° para a gente conseguir falar com a lexa,5,0,2.2.430534.0,2021-10-25 15:37:49,,
"Muito bom. Superou expectativas, mas sei que vai ser melhor ainda. Estamos avan√ßando no futuro com inteligencia artificial.",5,1,2.2.416420.0,2021-08-14 00:06:10,,
Muito bom! Auto explicativo!,5,0,2.2.430534.0,2021-10-24 17:50:13,,
"Aplicativo excelente, muito bom e util√≠ssimo!",5,0,2.2.423409.0,2021-10-01 19:20:07,,
"Experi√™ncia interessante e inovadora, que realmente muda seu dia a dia.",5,1,2.2.416420.0,2021-08-06 21:15:27,,
"Muito top, simplesmente sensacional!!",5,1,2.2.416420.0,2021-08-11 21:55:25,,
Muito bom.... Pena algumas fun√ß√µes da vers√£o americana n√£o estarem funcionando na vers√£o brasileira.,4,0,2.2.415290.0,2021-08-04 02:33:38,,
Estou colocando as leituras do Kindle em dia com o recurso de √°udio-leitura. üòÅüëèüèΩüëèüèΩüëèüèΩüëçüèΩüôèüèΩ,5,0,2.2.416420.0,2021-08-07 03:20:18,,
"Fa√ßo tudo na Alexa, todos os comandos e tbm gosto das listas e lembretes.",5,0,2.2.426944.0,2021-10-01 15:03:03,,
Aplicativo legal eu tenho uma Alexa mas nossa que aplicativo muito bom sim üòâ,5,0,2.2.435197.0,2021-11-11 21:25:41,,
A lista de compras e minhas m√∫sicas prediletas s√£o excelentes quando s√£o solicitadas!,5,1,2.2.415290.0,2021-07-30 23:25:39,,
Faltam v√°rios recursos dispon√≠veis em outros idiomas.,4,0,2.2.413073.0,2021-07-21 11:41:22,,
"Muito bom, s√≥ acho que deveria ter como chamar a Alexa por comando de voz sem estar no aplicativo",4,1,2.2.422256.0,2021-09-17 02:23:07,,
At√© bom s√≥ que fica com dificuldade no celular no Eco dot √© bem melhor,5,0,2.2.438005.0,2021-12-12 01:16:20,,
Nao consigo fazer a Alexa tornar real as chamadas por drop in.,5,0,2.2.427576.0,2021-10-21 01:35:13,,
Muito bacana. Comprei o EcoShow a√≠ vai ser melhor avaliado,5,0,2.2.432925.0,2021-11-10 16:24:19,,
amo. s√≥ queria a vers√£o masculina Ziggy dispon√≠vel,5,0,2.2.438005.0,2021-12-15 16:37:47,,
Aplicativo muito pr√°tico e de f√°cil utiliza√ß√£o.,5,0,2.2.422256.0,2021-09-12 02:05:06,,
Ela √© muito boa √© igual a real e nem precisa do aparelho real,5,0,2.2.427576.0,2021-10-18 20:01:47,,
Vale muito a pena e muito bom agora. Me sinto rico kkk,5,0,2.2.427576.0,2021-10-07 22:11:39,,
Muito bom!! Primeira vez testando a alexa e estou adorando.,5,0,2.2.426944.0,2021-10-03 22:46:12,,
as vezes no celular trava.,4,0,2.2.438005.0,2021-12-21 13:39:17,,
"O aplicativo as vezes engasga e demora muito pra processar, mas cumpre o que promete.",4,0,2.2.422256.0,2021-09-16 02:13:39,,
"Divertido e √∫til, adorei os aplicativos.",5,0,2.2.423409.0,2021-09-27 13:30:29,,
"Gostei demais desse app, pr√°tico, instrutivo e bem divertido.",5,1,2.2.415290.0,2021-08-04 10:28:03,,
Muito bom o App. Por√©m tem muita informa√ß√£o.. n√£o e t√£o f√°cil entender de in√≠cio,5,0,2.2.415290.0,2021-08-01 20:39:34,,
cada dia melhorando e inovando mais... ainda faltam alguns ajustes... mas √© excelente app,5,0,2.2.416420.0,2021-08-17 21:34:39,,
"Muito bom, pro meu caso s√≥ no celular j√° resolve meus problemas e n√£o preciso comprar uma.",5,1,2.2.415290.0,2021-08-03 07:22:08,,
"Gostei muito! Pr√°tico, r√°pido e muito informativo!",5,0,2.2.423409.0,2021-09-29 01:34:59,,
O aplicativo √© muito lento para Android.,4,0,2.2.422256.0,2021-09-12 10:56:56,,
Incr√≠vel. Extremamente √∫til e f√°cil de mexer.,5,0,2.2.438005.0,2021-12-23 08:41:25,,
Perfeito!!!! Resolvendo minha vida com muito mais organiza√ß√£o!!! Obrigado.,5,0,2.2.421843.0,2021-09-11 11:42:49,,
"top,f√°cil de usar",5,0,2.2.438005.0,2021-12-24 09:55:35,,
"Gente!!! Pode comprar √© maravilhosa, superou minhas espectativa. Nota mil.",5,0,2.2.438005.0,2021-12-26 00:33:24,,
"√ìtimo app , principalmente √≥tima assistente virtual .",5,0,2.2.413073.0,2021-07-20 18:42:16,,
"A√≠ ativo completo, bem explicativo, at√© quem √© leigo entende muito bem o uso 1",5,0,2.2.423409.0,2021-09-28 15:09:56,,
"Muita divers√£o, informa√ß√£o e conectividade...",4,0,2.2.430534.0,2021-10-23 18:36:40,,
Uma inven√ß√£o aprovada üòâmuito √∫til ainda mais com a pandemia ela n√£o nos deixa sozinhos. Adorei!,5,0,2.2.423409.0,2021-09-27 22:34:46,,
"A experi√™ncia √© √≥tima, a resposta e identifica√ß√£o dos comando √© muito precisa",5,1,2.2.415290.0,2021-07-30 17:04:56,,
√ötil para controlar seu echo dot a dist√¢ncia.,5,0,2.2.438005.0,2021-12-22 19:41:01,,
"ela vive pedinte desculpa, dizendo que n√£o pode acessar o Amazon music no momento",4,1,2.2.436689.0,2021-12-07 19:55:59,,
"Muito interessante, ainda aprendendo a utilizar todo o seu potencial",5,0,2.2.422256.0,2021-09-09 20:01:15,,
"Muito bom, excelente, muito eficiente.",5,1,2.2.416420.0,2021-08-14 21:31:15,,
"Perfeito esse app..‚ù§Ô∏èamei,me ajuda muito, simplesmente completo.. parab√©ns a todos os desenvolvedoresüíñ‚ù§Ô∏è‚ù§Ô∏è‚ù§Ô∏è",5,1,2.2.415290.0,2021-08-01 08:22:34,,
Melhorou. Por√©m falta muitos recursos que s√≥ tem no EUA virem pro Brasil.,4,1,2.2.430534.0,2021-10-20 22:39:51,,
Ap√≥s 635 tentativas continuo sem conseguir configurar o echo dot 4¬™ gera√ß√£o porque n√£o emparelha com Wifi,5,0,2.2.436689.0,2021-12-04 23:35:58,,
"Alexa √© o m√°ximo. O Google assistent √© mais inteligente, mas adoro a Alexa. Uso a Alexa pra quase tudo, mas algumas fun√ß√µes a Alexa ainda n√£o entende.",4,0,2.2.422256.0,2021-09-20 20:20:45,,
"√â um √≥timo app, por√©m da algumas travadinhas!",5,0,2.2.436689.0,2021-11-29 22:15:34,,
"Muito √∫til e pr√°tica, al√©m de me auxiliar bastante em v√°rias coisas. Amo!",5,0,2.2.421843.0,2021-09-04 18:13:30,,
"Excelente aplicativo, super f√°cil de configurar",5,0,2.2.423409.0,2021-09-30 07:15:19,,
Muito simples de interagir ..gostei muito a amzon est√° de parab√©ns üëçüëç,5,0,2.2.413073.0,2021-07-26 22:43:32,,
O aplicativo Alex √© incr√≠vel estou eu fiz uma pergunta muito engra√ßada a letra a risadinha de ladr√£o √© muito engra√ßada ou √© meio assustador tamb√©m,5,1,2.2.415290.0,2021-08-02 02:53:14,,
Achei maravilhoso principal.ente pra quem tem a alexa melhor ainda e ainda vem com um comando de ligar as luzes √© muito massa,5,0,2.2.413073.0,2021-11-03 00:40:33,,
at√© agora nada a reclamar dentro das expectativas.,5,0,2.2.438005.0,2021-12-11 09:19:54,,
Parab√©ns !!!!!!!! como voc√™s criaram uma assistente t√£o boa como essa??? Caso podem dizer-me. Indico para todos!!!!!!!!!!!,5,0,2.2.438005.0,2021-12-09 12:56:19,,
Muito top o aplicativo.. gostei estou me divertindo bastante.,5,0,2.2.435197.0,2021-11-15 18:10:10,,
Perfeito. facilita no dia a dia,5,0,2.2.436689.0,2021-12-04 20:51:55,,
"assistente super completa, cada vez vai ficando melhor",5,0,2.2.438005.0,2021-12-17 09:34:24,,
"aplicativo de f√°cil manuseio, ajuda muito no dia a dia...",4,0,2.2.435197.0,2021-11-17 03:48:43,,
"Como sugest√£o, poderia colocar tradu√ß√£o de linguagem para a Alexa responder.",4,0,2.2.423409.0,2021-10-01 12:53:26,,
Fico grato por estar participando desse desenvolvimento tecnol√≥gico e poder acompanhar de perto como tudo tem tomado forma,5,0,2.2.422256.0,2021-09-18 01:29:39,,
"Aprendendo a cada dia com ela, muito legal",5,0,2.2.438005.0,2021-12-14 16:09:50,,
Revolucionou minha vida a experi√™ncia de integra√ß√£o de diversos aparelhos.,5,0,2.2.422256.0,2021-09-18 19:39:28,,
Excelente app. Extratemente funcional e nunca me deu problema,5,0,2.2.416420.0,2021-08-26 07:45:44,,
N√£o sabia o tanto que precisa de voc√™ at√© ter voc√™. Excepcional.,5,0,2.2.423409.0,2021-09-29 22:06:17,,
Muito bom!!! Gostei muito. O que me incomoda (mesmo sendo necess√°rio) √© que o app √© online.,4,0,2.2.423409.0,2021-09-29 01:33:30,,
Excelente aplicativo para conecta-se com a Ecodot.,5,0,2.2.422256.0,2021-09-14 21:29:09,,
"Muito bom, parab√©ns aos desenvolvedores.",5,0,2.2.430534.0,2021-10-28 17:18:26,,
"Excelente app, de grande ajuda ao dia.",5,0,2.2.432925.0,2021-11-03 16:43:19,,
"Muito bom o app, bem simples e objetivo.",5,0,2.2.422256.0,2021-09-21 06:53:03,,
"A Alexa √© √≥tima e a app tamb√©m,eu recomendo.",5,0,2.2.426944.0,2021-10-04 21:04:13,,
√â Algu√©m me pode ajudar se √© poss√≠vel a passar configura√ß√µes da app para portugu√™s?,4,0,2.2.436689.0,2021-12-07 18:03:09,,
aplicativo e um pouco lento,4,0,2.2.438005.0,2021-12-17 17:30:37,,
"Espetacular, quem √© google assistente na fila do aux√≠lio emergencial.",5,0,2.2.416420.0,2021-08-14 12:50:08,,
Muito bom. Mas precisa ter uma resposta melhor na velocidade das informa√ß√µes.,4,0,2.2.416420.0,2021-08-29 11:35:36,,
Adoro a Alexa! Mas por enquanto s√≥ uso no celular e na firetv,5,0,2.2.413073.0,2021-07-26 20:31:54,,
At√© agora tudo bem.... E um pouco lento pra sincronizar as coisas.,5,0,2.2.415290.0,2021-08-07 13:08:11,,
por favor modernizem a interface,5,0,2.2.427576.0,2021-10-14 22:23:28,,
Poderia ser mais intuitivo.,4,0,2.2.436689.0,2021-12-01 07:23:29,,
"S√≥ faltava poder falar com a ""Alexa"" quando o APP estivesse com a aba fechada",4,0,2.2.422256.0,2021-09-19 17:37:11,,
"Excelente assistente virtual, n√£o vivo sem, amo...",5,0,2.2.426944.0,2021-10-03 13:27:00,,
muito bom muio dif√≠cil pra quem n√£o sabe mais o resto √© √≥timo,5,0,2.2.438005.0,2021-12-22 14:33:01,,
"Simplesmente maravilhosa a Alexa , excelente a melhor compra que fiz ela √© demais",5,0,2.2.421843.0,2021-09-08 19:51:49,,
"Muito bom o App, bem intuitivo na hora de configurar.",5,0,2.2.415290.0,2021-08-02 19:54:38,,
"Estou tendo uma √≥tima experi√™ncia sobre este aparelho, me recomendaram para adquiri lo, e de fato √© √≥timo.",5,0,2.2.416420.0,2021-08-06 23:47:07,,
Muito bom so as vezes que da umas travadas mais o app e muito bomüëèüëèüëèüëèüëè,4,0,2.2.432925.0,2021-11-02 22:55:16,,
"Excelente, pr√°tico e f√°cil de usar",5,0,2.2.421843.0,2021-09-08 00:46:17,,
"at√© o momento, o app est√° a funcionar bem, e faz tudo que pe√ßo.",5,0,2.2.415290.0,2021-08-03 22:08:16,,
"Ameii, foi bem √∫til mas estou dando 4 estrela porqu√™ n√£o abre o Spotify mas tirando isso o app √© perfeito",4,0,2.2.416420.0,2021-08-13 15:32:01,,
√â simplesmente perfeito essa aplicativo da Alexa,5,0,2.2.421843.0,2021-09-02 13:08:36,,
Meu Google assistente n√£o est√° funcionando ent√£o precisei trocar pela Alexa e eu amei.,5,0,2.2.413073.0,2021-07-28 16:54:58,,
√ìtimo aplicativo. Muito funcional e pr√°tico.,5,0,2.2.421843.0,2021-09-04 12:26:16,,
"o aplicativo √© muito bom, travando apenas algumas vezes",5,0,2.2.436689.0,2021-12-03 17:37:45,,
"V√°rias funcionalidades, gostando da experi√™ncia.",5,0,2.2.423409.0,2021-09-25 00:33:45,,
"App muito bom,mas a minha alexa √© importada e √° 10 minutos atr√°s ela estava em portugu√™s e agora mudou para ingl√™s do nada",5,0,2.2.422256.0,2021-09-11 13:16:10,,
√ìtimo app! Muito f√°cil de usar √© meu minha casa est√° ficando toda inteligente!,5,0,2.2.422256.0,2021-09-11 02:32:44,,
Incr√≠vel eu consigo ouvir muitas m√∫sicas muito mais,5,0,2.2.438005.0,2021-12-11 13:50:55,,
"Muito b, conecta perfeitamente com o eWeb.",5,0,2.2.415290.0,2021-07-31 16:29:05,,
Experiencia incrivel com a minha Alexa,5,0,2.2.432925.0,2021-11-03 14:13:59,,
Tomare que a Alexa n√£o se transforme no Ultron e nem adquira Consci√™ncia igual a Skynet!,5,0,2.2.430534.0,2021-10-24 11:51:58,,
"Modo CONTINUIDADE, cad√™? >Modo continuidade n√£o funciona< Somente vers√£o americana funcionando. ATENTEM a isso, please",4,2,2.2.422256.0,2021-09-12 10:40:32,,
N√£o h√° nada t√£o completo para um usu√°rio b√°sico,5,0,2.2.436689.0,2021-12-01 14:41:51,,
"Perfeito, s√≥ que eu gostaria que a fun√ß√£o ouvir m√∫sicas fosse de gra√ßa",5,0,2.2.413073.0,2021-07-21 20:53:07,,
"Alexa √© aquela amiga indispens√°vel, amo",5,0,2.2.438005.0,2021-12-12 12:44:15,,
Alexa √≥timo seria melhor se tivesse Bateria mesmo com pouca dura√ß√£o,5,0,2.2.436689.0,2021-12-03 13:18:11,,
O aplicativo e muito bom mais eu n√£o consegui conectar ao Spotify,5,0,2.2.416420.0,2021-08-18 02:16:37,,
Muito intuitiva e tecnol√≥gico.,5,0,2.2.422256.0,2021-09-11 17:09:11,,
Gostei bastante do app at√© agora t√° tranquilo.,5,0,2.2.432925.0,2021-11-13 15:46:25,,
Muito intuitivo e funcional,5,0,2.2.421843.0,2021-11-06 14:22:57,,
"√ìtimo aplicativo,vale apena.",5,0,2.2.427576.0,2021-10-15 20:09:32,,
Muito bom. Mas poderia ter alguns dispositivos com na vers√£o americana.,5,0,2.2.422256.0,2021-09-09 03:49:03,,
"O aplicativo √© bom, mas a interface deixa a desejar.",4,0,2.2.416420.0,2021-08-13 10:38:18,,
Pra mim foi amelhor coisa que aconteceu √© ter a Amazon Alexa nesta √©poca de pandemia obrigado.,5,0,2.2.421843.0,2021-09-08 01:40:10,,
Excelente... tenho uma alexa em cada c√¥modo da casa,5,0,2.2.438005.0,2021-12-07 22:58:02,,
"Incr√≠vel,adorei,o futuro dentro de casa.",5,0,2.2.438005.0,2021-12-19 20:40:10,,
App bom s√≥ as vezes que ele n√£o avisa as not√≠cias de manh√£ mas deve ser por causa da internet eu acho,4,0,2.2.416420.0,2021-08-07 13:26:38,,
"Maravilhoso o aplicativo, conhecendo as funcionalidades aos pouco...t√¥ gostando üëèüëèüëè",5,0,2.2.427576.0,2021-10-10 01:51:12,,
"App maravilhoso, √≥timo de usar, f√°cil utiliza√ß√£o",5,0,2.2.422256.0,2021-09-18 16:08:39,,
Sensacional! N√£o consigo mais viver sem Alexa!!,5,0,2.2.438005.0,2021-12-13 13:02:43,,
excelente ferramenta de automa√ßao diversao e comunica√ßao,5,0,2.2.438005.0,2021-12-26 14:59:35,,
perfeito n√£o poderia inventar outro melhor,5,0,2.2.427576.0,2021-10-13 22:46:26,,
uma √≥tima ajudante e bora falar a verdade fica bem divertido o ambiente,5,0,2.2.438005.0,2021-12-26 03:53:15,,
Alexa - este app √© muito top deixa o dia da minha filha mais alegre e divertido . Super recomendo ‚ò∫Ô∏è,5,0,2.2.421843.0,2021-09-04 00:46:34,,
Bom so precisa ficar online sempre em segundo plano..,5,0,2.2.427576.0,2021-11-15 11:35:38,,
"Bom Mas, Quando Definir o Aplicativo pra Beb√™zona (Alexa) Tocar as M√∫sicas devia ter o YouTube Music",4,0,2.2.416420.0,2021-08-27 00:28:16,,
Muito produtiva e agrad√°vel,4,0,2.2.435197.0,2021-11-13 20:38:29,,
Sensacional! Tem v√°rias op√ß√µes de conectar com a Alexa!,5,0,2.2.423409.0,2021-09-28 15:58:53,,
√≥timo e divertido mas o Google map e maiscompleto,5,0,2.2.413073.0,2021-07-25 17:45:23,,
"A Alexa √© muito bom, mais n√£o consigo fazer ela ouvir a minha voz com a tela apagada.üòè",5,0,2.2.415290.0,2021-08-04 00:44:14,,
Eu tenho uma Alexa. Em casa mas esse aplicativo e muito √∫til,5,0,2.2.432925.0,2021-10-29 12:08:11,,
muito legal. interatividade total,5,0,2.2.438005.0,2021-12-17 19:16:18,,
Excelente! Fico sempre por dentro das novidades do meu dispositivo.,5,0,2.2.423409.0,2021-09-27 14:07:20,,
Alexa superou minhas expectativas! Estou muito satisfeito com a qualidade.,5,0,2.2.426944.0,2021-10-02 20:45:38,,
"chegou, estou aprendendo, at√© agora est√° √≥timo",5,0,2.2.438005.0,2021-12-15 00:01:02,,
"Fant√°stico, tenho que fazer mais tarefas com ela.",5,0,2.2.426944.0,2021-10-01 01:07:01,,
O app sincera mente √© √≥timo recomendo muito maravilhosa a interface,5,0,2.2.413073.0,2021-07-23 13:58:48,,
√â muito bom principalmente porque com comando de voz voc√™ faz v√°rias coisas,5,0,2.2.415290.0,2021-08-04 17:06:26,,
"√ìtimo para controlar os dispositivos inteligentes, s√≥ falta criar mais gatilhos.",4,1,2.2.416420.0,2021-08-27 00:59:26,,
"Muito bom, s√≥ falta o car play no carro",5,0,2.2.427576.0,2021-10-09 14:37:53,,
Muito bom principalmente para automatiza√ß√£o resid√™ncia,5,0,2.2.416420.0,2021-08-15 18:16:07,,
Adoro.... √â uma companhia agrad√°vel al√©m de ser muito instrutiva. N√£o consigo ficar sem a Alexia.... Muito bom,5,0,2.2.416420.0,2021-08-19 12:46:41,,
"Rubem bolado, faz de tudo que se pode imaginar, desde um jogo e boa m√∫sica",5,0,2.2.421843.0,2021-09-05 13:06:26,,
poderia ser mais f√°cil na hora de colocar uma rotina,4,0,2.2.436689.0,2021-11-30 23:14:09,,
"√ötil, divertido e simples, perfeito",5,0,2.2.422256.0,2021-09-12 23:18:23,,
"Vale muito a pena ter uma Alexa, ajuda muito!",5,0,2.2.436689.0,2021-12-07 18:42:53,,
Muito interessante e educativo,5,0,2.2.433151.0,2021-11-03 17:44:34,,
Estou muito satisfeito! Recomendo.,5,0,2.2.427576.0,2021-10-15 04:27:56,,
muito bom quem quer uma Alexa mas n√£o tem dinheiro esse app √© pra vc muito bommmmmmmmm,5,0,2.2.438005.0,2021-12-24 21:50:09,,
adoro o produto super indico.,5,0,2.2.436689.0,2021-12-03 20:09:30,,
"Perfeito, as vezes ela entende umas palavras erradas, mas √© muita bom.",5,0,2.2.422256.0,2021-09-11 01:10:53,,
"muito bom, apenas nao da pra chamar alexa enquanto esta fora do app",5,0,2.2.436689.0,2021-11-28 15:02:42,,
"melhor tecn√≥logo do mundo, uma aparelho fant√°stico incr√≠vel.",5,0,2.2.436689.0,2021-12-08 00:47:11,,
Ela √© muito ausente mas tem algumas coisa que eu pergunto para ela e ela n√£o sabe,4,0,2.2.432925.0,2021-10-28 17:02:13,,
√â um divertimento aqui em casa usando a Alexa.,5,0,2.2.438005.0,2021-12-18 09:17:43,,
"Uso com minha tia toda noite, tocando as m√∫sicas do RC pra ela dormir. √â tiro e queda!",5,0,2.2.416420.0,2021-08-09 02:10:00,,
"Otimo aplicativo, facil de usar ...üòÅ",5,0,2.2.416420.0,2021-08-15 14:44:35,,
A Alexa √© de uso muito divertido e pr√°tico no dia a dia.,5,0,2.2.416420.0,2021-08-21 12:19:50,,
"Excelente muito pr√°tico, adorei!",5,0,2.2.427576.0,2021-10-20 10:46:36,,
Muito pr√°tica e funcional,5,0,2.2.432925.0,2021-11-01 23:26:35,,
ainda n√£o dou as 5 estrelas por n√£o conseguir utilizar o aplicativo sem abrir o mesmo,4,0,2.2.435306.0,2021-11-21 21:13:00,,
"Gostei muito, at√© comprei outros aparelhos para serem controlados pela alexa",5,0,2.2.423409.0,2021-09-24 01:32:09,,
Ainda me falta um pouco de formalidade mais √© muito bom me divirto muito,5,0,2.2.427576.0,2021-10-18 00:04:19,,
Falta melhorar a parte de personalizar a orienta√ß√£o. Falta algo,5,0,2.2.416420.0,2021-09-02 19:39:48,,
App √ìtimo gostei muito praticidade e facil de configurar parab√©ns .,5,0,2.2.416420.0,2021-08-21 22:15:04,,
Muitas skils apresentam bugs constantes e a alexa sempre tem dificuldade de entender o que digo.,4,0,2.2.416420.0,2021-08-26 15:00:49,,
"muito bom, ainda aprendendo com Alexa.",5,0,2.2.436689.0,2021-11-30 12:29:13,,
Simplesmente o melhor... mas ainda precisa de melhorias com fun√ß√µes extras,5,0,2.2.421843.0,2021-09-06 23:14:45,,
Muito bom o dispositivo.,5,0,2.2.438005.0,2021-12-15 21:30:40,,
"Aplicativo ajuda bastante, poderia apenas ser um pouco mais r√°pido.",4,0,2.2.416420.0,2021-08-20 01:08:30,,
Excepcional...aplica√ß√µes ilimitadas!,5,0,2.2.421843.0,2021-09-10 00:26:38,,
"Eu t√¥ amaaaaandooooo!!!! Muito obrigada por desenvolverem esse aplicativo, eu n√£o posso comprar uma Alexa, com o aplicativo realizei meu sonho ‚ô•Ô∏è‚ô•Ô∏è‚ô•Ô∏è‚ô•Ô∏è",5,0,2.2.413073.0,2021-07-21 16:38:09,,
Excelente assistente de voz!,5,0,2.2.416420.0,2021-08-11 14:53:38,,
"bom produto, est√° fazendo tudo que diz fazer!!",5,0,2.2.436689.0,2021-12-08 16:48:31,,
"Muito legal, s√≥ precisava s em portugu√™s.",4,0,2.2.432925.0,2021-11-06 09:57:29,,
√≥timo muito eficiente,5,0,2.2.436689.0,2021-12-03 15:33:27,,
O aplicativo est√° funcionando bem.,4,0,2.2.438005.0,2021-12-10 02:31:16,,
Me responda uma coisa ! O aplicativo funciona sem necessidade de ter uma caixinha Alexa ? Porque comprei uma e descobri q o aplicativo √© uma Alexa de gra√ßa ou seja comprei sem necessidade ou √© impress√£o minha ?,4,0,2.2.423409.0,2021-09-25 16:57:03,,
Fant√°stica a experi√™ncia. Recomendo pra todo mundo que conhe√ßo...,5,0,2.2.422256.0,2021-09-18 20:04:19,,
Se n√£o tem n√£o vai funcionar a alexa,5,0,2.2.432925.0,2021-11-14 19:41:43,,
Bem interessante e interativo. show espetacular,5,0,2.2.422256.0,2021-09-12 16:06:51,,
Um excelente dispositivo de ajuda. Gosto muito.,5,0,2.2.426944.0,2021-10-01 14:13:28,,
Excepcional a Alexa!!! Me ajuda muito no dia a dia!!!,5,0,2.2.427576.0,2021-10-14 17:26:16,,
"Otima funcionalidade, experi√™ncia incr√≠vel, nada a maleficiar o aplicativo",5,0,2.2.426944.0,2021-10-03 14:05:18,,
"Ainda descobrindo o app, mas parece muito bacana e com muitas funcionalidades!",5,0,2.2.416420.0,2021-09-02 03:22:38,,
Super pr√°tico e intuitivo!,5,0,2.2.413073.0,2021-07-23 01:45:56,,
"Sem complica√ß√µes, f√°cil de usar e muito √∫til.",5,0,2.2.416420.0,2021-08-17 17:08:20,,
Muito bom. S√≥ interagindo com uma pra voc√™s saberem o gostinho de ter uma alexa. Se eu dizer voc√™s n√£o acreditar√£o em mim. Feliz teste!,5,0,2.2.416420.0,2021-08-19 15:21:25,,
app muito bom de se mexer e muito f√°cil !!,5,0,2.2.438005.0,2021-12-14 01:36:07,,
"√ìtima funcionalidade, porem um aplicativo muito pesado.",4,0,2.2.416420.0,2021-08-04 23:50:21,,
√â uma coisa mas maravilhoso que eu j√° adquiri e recomendo continuo comparando Alexa,5,0,2.2.416420.0,2021-08-27 08:20:37,,
Poderia sincronizar tamb√©m com o YouTube music,5,0,2.2.416420.0,2021-09-02 22:50:23,,
"Muito top, f√°cil de usar!",5,0,2.2.416420.0,2021-08-28 05:25:26,,
"Adoraria se pudesse ativar o assistente apenas chamando ""Alexa"", mesmo sem o aplicativo aberto.",4,0,2.2.422256.0,2021-09-12 00:08:51,,
Uma experi√™ncia fant√°stica.!!!,5,0,2.2.430534.0,2021-10-26 01:17:10,,
Precisa melhorar a conectividade com v√°rios aparelhos,5,0,2.2.432925.0,2021-11-02 00:45:10,,
J√° consigo conectar em wi-fi. Legal,4,0,2.2.438005.0,2021-12-20 01:13:08,,
"Bom App, atende as expectativas",4,0,2.2.438005.0,2021-12-23 12:22:51,,
muito bom. um app que recomendo a todos,4,0,2.2.438005.0,2021-12-27 00:36:11,,
S√≥ n√£o darei 5 pois app √© muito lento no meu celular. Motorola one hyper,4,0,2.2.422256.0,2021-09-14 10:18:46,,
O aplicativo est√° cada vez melhor parab√©ns pra os engenheiro e desenvolvedor d√° Amazon üëèüëèüëèüëèüëç,5,1,2.2.415290.0,2021-07-28 18:37:06,,
"Ainda n√£o achei algo ruim, s√≥ que ele demora um pouco para abrir umas abas, fora isso",5,0,2.2.422256.0,2021-09-15 20:36:19,,
Acabei de comprar a Alexa e chegou comprei com a avalia√ß√£o de um tiktoker ent√£o n√©,5,0,2.2.427576.0,2021-10-11 13:44:31,,
"Muito bom, dar at√© pra achar gra√ßa com ela, fant√°stico, amei, s√≥ faltou uma Alexa mordomo",5,0,2.2.422256.0,2021-09-21 02:05:02,,
Super divertido e muito moderno este app.,5,0,2.2.413073.0,2021-07-27 00:04:29,,
Surpreendente boa a experi√™ncia!!! F√°cil e intuitiva,5,0,2.2.413073.0,2021-07-23 14:56:15,,
Maravilha ! Superou minhas expectativas . √ìtimo produto. Quero a Studio depois.,5,0,2.2.422256.0,2021-09-16 02:53:08,,
"Gostei muito, produto com muita interatividade",5,0,2.2.435197.0,2021-11-13 19:51:34,,
Excelente funcionalidades me ajudam a organizar minhas tarefas.,5,0,2.2.423409.0,2021-09-29 22:58:34,,
Excelente aplicativo. Muito interativo.,5,1,2.2.416420.0,2021-08-31 21:03:31,,
"Gostei muito, ainda estou aprendendo a lidar com a tecnologia.üòäüòä",5,0,2.2.416420.0,2021-08-29 14:25:15,,
muito bom. de √≥tima qualidade!,5,0,2.2.438005.0,2021-12-19 13:37:54,,
Aplicativo top! Recomendo!,5,0,2.2.435197.0,2021-11-10 14:20:38,,
Muito boa a experi√™ncia ter mais variedades de m√∫sicas,5,0,2.2.413073.0,2021-07-18 20:47:49,,
Muito bom mais s√≥ falto a op√ß√£o de usar com a tela desligada e sem o celular est√° na m√£o,5,0,2.2.423409.0,2021-09-28 22:12:17,,
aplicativo bom! por√©m poderia ser um pouco mais pr√°tico,4,0,2.2.438005.0,2021-12-20 03:38:44,,
"Gostei muito, funciona bem.",5,0,2.2.436689.0,2021-12-01 15:42:24,,
"Muito bom, mas as vezes minha Alexa buga com ele",4,0,2.2.438005.0,2021-12-25 14:13:19,,
at√© o momento est√° perfeito,5,0,2.2.438005.0,2021-12-20 12:24:38,,
"App muito bom e interativo, estou gostando da IA.",5,0,2.2.416420.0,2021-08-12 00:39:23,,
"√ìtimo aplicativo, muito √∫til",5,0,2.2.432925.0,2021-10-31 12:17:51,,
"Eu amo a Alexa, uma √≥tima ajudante, s√≥ gostaria que seu nome fosse alterado.",5,0,2.2.435197.0,2021-11-13 23:05:47,,
Amo a Alexa ü•∞ Sempre me atende e me atualiza sobre tudo! Parab√©ns üëèüëèüëè,5,0,2.2.433151.0,2021-11-06 15:04:56,,
Simplesmente perfeito. Tenho 3 ja. Entregaram em 24 horas,5,0,2.2.436689.0,2021-11-26 21:28:52,,
Que app incr√≠vel! Mas era pra dar pra chamar ela sem o aplicativo estar aberto e de longe.,4,0,2.2.416420.0,2021-08-29 11:22:23,,
"Muito top, agora s√≥ quero comprar mais itens para interagir com ele",5,0,2.2.416420.0,2021-08-05 22:09:20,,
Excelente!! Estou automatizando toda a minha casa.,5,0,2.2.421843.0,2021-09-05 16:30:23,,
"muito, muito top. dinheiro üí∞ investido...",5,0,2.2.438005.0,2021-12-19 17:37:43,,
"Com uma boa luta eu conseguir abrir uma conta, e t√¥ amando o app. Parab√©ns",5,0,2.2.427576.0,2021-10-20 18:55:42,,
"Ele √© meio travado, algumas informa√ß√µes s√£o meio dif√≠cil de encontrar, n√£o tem tanta varia√ß√µes",4,0,2.2.422256.0,2021-09-23 07:42:42,,
O app e otimo maravilhosso,5,0,2.2.427576.0,2021-10-12 14:31:45,,
Demora de sincronizar.,4,0,2.2.416420.0,2021-08-15 09:28:10,,
Alexa √≥tima. Todos os dias me informa de assuntos interessantes. √â com a TV √© 10 !!!,5,0,2.2.427576.0,2021-10-09 11:45:12,,
Perfeito e divertido,5,0,2.2.435197.0,2021-11-14 21:02:13,,
Muito bom. √â uma farra usar a Alexa.,5,0,2.2.422256.0,2021-09-19 18:59:45,,
Aplicativo sensacional maravilhoso!!!!,5,0,2.2.436689.0,2021-12-06 20:45:26,,
Muito bom! Me ajuda bastante e tarefas do dia a dia.,5,0,2.2.436689.0,2021-12-02 01:10:45,,
Muito bom apesar de estar com dificuldade de fazer o reconhecimento de voz,4,0,2.2.416420.0,2021-08-23 21:14:52,,
Estou gostando. Acho bem pr√°tico.,5,0,2.2.438005.0,2021-12-11 23:09:16,,
muito bom s√≥ n da para colocar os aparelhos da minha casa,5,0,2.2.436689.0,2021-11-26 15:38:16,,
Cara sem palavras para definir Alexa e muiiiiiiito bom mesmo a caixinha inteligente √© tudo de bom üòÅüòÅüòÅüòÅ,5,0,2.2.427576.0,2021-10-20 00:51:41,,
O app Alexa √© maravilhoso cem palavras para descrever,5,0,2.2.435197.0,2021-11-14 07:04:49,,
poderia funcionar com aparelho bloqueado,4,0,2.2.436689.0,2021-12-06 22:56:29,,
Quando v√£o fazer a vers√£o pro galaxy watch 4?,5,0,2.2.438005.0,2021-12-26 09:32:46,,
Minha Alexa est√° funcionando muito bem gra√ßas a esse App parab√©ns pela conquista‚ù§ü•∞,5,0,2.2.413073.0,2021-07-18 23:23:11,,
Acho um pouco dif√≠cil de usar algumas coisas mas talvez seja por eu ainda estar aprendendo.,4,0,2.2.416420.0,2021-08-16 13:20:01,,
"comecei a testar agora, tudo f√°cil. se continuar assim vou gostar.",5,0,2.2.436689.0,2021-11-28 23:57:25,,
"Muito bom, mas um pouco lento em certas a√ß√µes.",5,0,2.2.413073.0,2021-07-19 16:35:33,,
Ainda precisa melhorar a biblioteca de m√∫sicas. Ainda est√° muito restrito,4,0,2.2.413073.0,2021-07-27 22:43:08,,
"J√° tinha, s√≥ estou instalando pra minha fam√≠lia.",5,0,2.2.432925.0,2021-11-02 21:13:18,,
N√£o tive problema com aplicativo Est√° funcionando perfeitamente,5,0,2.2.416420.0,2021-08-28 12:23:05,,
"Excelente, estou muito satisfeito",5,0,2.2.427576.0,2021-10-20 09:45:20,,
Perfeito app. N tive problemas em configurar com meu echodot.,5,0,2.2.423409.0,2021-09-27 14:34:17,,
"Estou gostando, aprendendo ainda a mexer, mais no segundo dia j√° ligo luz e TV tudo por voz .",5,0,2.2.416420.0,2021-08-15 13:13:00,,
Muito f√°cil de usar e bem pr√°tico,4,0,2.2.415290.0,2021-08-02 22:53:07,,
Eu dou nota 10 para esse app Alexa funciona muito bem,5,0,2.2.427576.0,2021-10-15 17:59:27,,
amei demais agora eu posso ouvir m√∫sica e entre outros sem pesquisa,5,0,2.2.436689.0,2021-11-29 21:51:35,,
"Alexa um presente üéÅ incr√≠vel, amei! Aplicativo excelente!",5,0,2.2.416420.0,2021-08-31 21:58:22,,
Poderiam colocar mais gatilhos dispon√≠veis para automatizar melhor as rotina,4,0,2.2.421843.0,2021-09-09 18:11:36,,
Nossa esse App e perfeito a alexsa e muito boazinha App perfeito,5,0,2.2.413073.0,2021-07-21 01:39:59,,
Show o futuro est√° chegando .,5,0,2.2.427576.0,2021-10-12 14:08:00,,
O aplicativo e bom no come√ßo ele tava com alguns problemas mas depois ele ficou muito bom amo conversar com a Alexa,5,0,2.2.416420.0,2021-08-31 02:27:19,,
Estou amando o aplicativo Alexa uma das coisas boas que me aconteceu foi ter esse aplicativo achei Fant√°stico,5,0,2.2.416420.0,2021-08-31 02:14:25,,
Tem me ajudado demais este aplicativo. F√°cil de entender e utilizar. Muito pr√°tico. Show.,5,0,2.2.421843.0,2021-09-04 14:03:32,,
Estou vem conseguir a configura√ß√£o.,5,0,2.2.438005.0,2021-12-19 13:16:05,,
"O problema √© que fora do apo ainda n da para chamar ela, mesmo vc colocando ela como assistente principal",5,0,2.2.423409.0,2021-09-29 18:34:43,,
"Muito bom, excelente, gostei tudo.",5,0,2.2.436689.0,2021-11-27 21:28:25,,
"Muito bom, j√° experimentei e gostei muito.",5,0,2.2.436689.0,2021-11-27 19:38:51,,
"Perfeito, mesmo sem ter conta Amazon",5,0,2.2.427576.0,2021-10-06 19:13:45,,
faz companhia para minha m√£e que tem depress√£o,4,0,2.2.438005.0,2021-12-18 13:50:10,,
muito interessante e intera√ß√£o..,4,0,2.2.432925.0,2021-11-14 13:42:56,,
Ajuda muito e facilita muito a vida,5,0,2.2.438005.0,2021-12-14 16:37:48,,
"√ìtimo, f√°cil de usar.",5,0,2.2.413073.0,2021-07-19 21:55:43,,
Excelente experi√™ncia com a Alexa! Estou adorando!,5,0,2.2.415290.0,2021-07-30 03:00:17,,
Funcionando perfeitamente gosto muito de utilizar minha eco dor 3,5,0,2.2.422256.0,2021-09-14 00:05:47,,
Sensacional a Alexa melhor aplicativo que conhe√ßo.,5,0,2.2.416420.0,2021-09-03 15:02:59,,
Muito boa. Recebi de presente no dia dos Pais por meu Filho e fiquei muito contente em receb√™-lo.,4,0,2.2.416420.0,2021-08-19 02:02:09,,
Muito legal a Alexa faz piada e canta antena 1 e ela at√© canta beatnox e n√£o tem an√∫ncio,5,0,2.2.422256.0,2021-09-13 01:07:04,,
Gostaria de criar uma playlist,4,0,2.2.427576.0,2021-10-15 13:43:21,,
Ajuda muito na hora de organizar as rotinas e tamb√©m com muitas skill √∫teis,4,0,2.2.413073.0,2021-07-22 13:37:07,,
Muito legal gostei bastante do produto,5,0,2.2.430534.0,2021-10-25 00:46:19,,
"Imposs√≠vel n√£o gostar. Divers√£o, agilidade e utilidade reunidas",5,0,2.2.423409.0,2021-09-26 00:38:25,,
"Tirando a demora para o carregamento das abas, ok",4,0,2.2.436689.0,2021-12-09 20:29:07,,
Muito bom estou gostando de tudo que a Alexa oferece,5,0,2.2.435197.0,2021-11-11 03:06:24,,
"App excelente, atendendo as expectativas",5,0,2.2.416420.0,2021-09-01 18:41:07,,
Ainda falta melhorar desempenho mas √© maravilhosa!,5,0,2.2.432925.0,2021-11-04 23:09:08,,
"Ainda testando, por enquanto tudo certo!",5,0,2.2.427576.0,2021-10-17 22:17:28,,
Muito intuitivo e funcional,5,0,2.2.416420.0,2021-08-17 22:09:13,,
"Todos em casa gostam de usar,e sempre nos auxiliam em v√°rias quest√µes. At√© o momento est√° dando certo!",5,0,2.2.416420.0,2021-08-22 22:38:25,,
bom mas complicado e caro,4,0,2.2.432925.0,2021-10-30 00:04:10,,
Quase perfeito. Ainda precisa melhorar a escuta mas funciona muito bem,4,0,2.2.415290.0,2021-07-31 22:45:44,,
"Gostei muito desse app, seria bom se funcionasse em segundo plano",5,0,2.2.416420.0,2021-08-28 03:16:27,,
Excelente app gosto muito Est√£o de parab√©ns üëèüëèüëè,5,0,2.2.432925.0,2021-11-08 02:35:40,,
"Excelente, muito f√°cil de mexer e parece ver muito segura",5,0,2.2.423409.0,2021-09-28 10:12:36,,
Ainda ten uns bugs mas funciona razoavelmente bem.,4,0,2.2.432925.0,2021-11-08 00:03:02,,
"Muito top,mas tem que pressionar mais a marca LG para melhorar a sincronia com ambos os aparelhos",5,0,2.2.416420.0,2021-08-22 02:55:36,,
"Adorar de ainda ser um iniciante, estou gostando do app Alexa",5,0,2.2.416420.0,2021-08-23 19:50:54,,
Excelente APP. Funcional edemais,5,0,2.2.416420.0,2021-08-19 10:46:17,,
Esse app √© a melhor app que eu j√° vi na minha vida ü•∞ü•∞,5,0,2.2.432925.0,2021-11-02 14:35:43,,
Excelente!! Muito √∫til!! Vale a pena o investimento,5,0,2.2.422256.0,2021-09-08 14:15:10,,
Funciona ! Bora automatizar o mundo !,5,0,2.2.435306.0,2021-11-22 01:10:00,,
simplesmente demais... experi√™ncia √∫nica,5,0,2.2.438005.0,2021-12-11 10:25:08,,
Qual e a senha da Alexa n√£o consigo abrir a conta nela,4,0,2.2.438005.0,2021-12-15 17:32:00,,
ele demora para abrir no meu celular,4,0,2.2.436689.0,2021-11-28 23:09:29,,
Este neg√≥cio n√£o √© de Deus. Excelente,5,0,2.2.436689.0,2021-12-03 19:34:46,,
MARAVILHOSA E CHEGOU SUPER R√ÅPIDO! PARABENS PELA AGILIDADE!!!!,5,0,2.2.436689.0,2021-12-04 16:18:19,,
"Excelente, muito √∫til no dia a dia.",5,0,2.2.416420.0,2021-08-17 00:43:11,,
"Muito bom Eu estou gostando bastante,obrigado e so ruim quando o celular desliga tela.....",5,0,2.2.422256.0,2021-09-10 16:35:16,,
Com a √∫ltima atualiza√ß√£o o app trava,5,0,2.2.432925.0,2021-11-10 14:47:52,,
Eu amei muito bom mais a Alexa tava com uma Luizinha verde e ala n√£o apagava mais √© muito legal eu amei.,5,0,2.2.422256.0,2021-09-09 22:44:17,,
Muito √∫til e pr√°tico!!!,5,0,2.2.432925.0,2021-10-30 11:44:48,,
App top s√≥ teria que o app pegaria com o display desligado,5,0,2.2.416420.0,2021-08-15 14:57:47,,
Estou adorando as funcionalidades da Alexa,5,0,2.2.438005.0,2021-12-18 12:04:29,,
"√ìtimo, faltou uma bateria.",5,0,2.2.430534.0,2021-10-23 15:29:46,,
F√°cil de aprender leve e r√°pido gostei muito,5,0,2.2.427576.0,2021-10-12 21:39:06,,
Muito bom e simples de usar.,5,0,2.2.416420.0,2021-08-15 23:40:22,,
aplicativo muito bom interagir muito bem,5,0,2.2.427576.0,2021-10-12 15:13:38,,
"Funciona perfeitamente, n√£o tem defeito nenhum",5,0,2.2.413073.0,2021-07-17 18:35:08,,
A melhor que t√° tendo minha filha ama e como tenho algumas luz na parte de automa√ß√£o ela gosta muit,5,0,2.2.421843.0,2021-09-03 16:24:46,,
"O aplicativo √© ruim, a caixinha √© excepcional",4,0,2.2.416420.0,2021-08-13 14:52:27,,
Consegui uma Alexa s√≥ pra conversar com ela. Me divirto muito. Ela tira todas as minhas d√∫vidas,4,1,2.2.416420.0,2021-08-27 00:18:51,,
"√ìtima experi√™ncia, √∫til para o trabalho e para o lazer.",5,0,2.2.413073.0,2021-07-17 01:11:10,,
muito bom e √∫til.,5,0,2.2.438005.0,2021-12-25 05:18:23,,
comprei uma Alexa echo dot 3 kids e n√£o muda o idioma para o Brasil.,5,0,2.2.435197.0,2021-11-14 22:50:21,,
"√ìtima. As vezes n√£o faz o comando tendo que repetir algumas vezes, mas no geral √© √≥tima.",5,0,2.2.423409.0,2021-09-30 16:05:54,,
"Perfeito, f√°cil aplica√ß√£o..",5,0,2.2.416420.0,2021-08-30 05:54:08,,
"Perfeito, sem mais detalhes...",5,0,2.2.436689.0,2021-12-01 11:25:13,,
Esse aplicativo √© t√£o bom que me fez chorar no banho #outrocastelo,5,0,2.2.436689.0,2021-11-30 15:37:03,,
