content;score;thumbsUpCount;reviewCreatedVersion;at;replyContent;repliedAt
Custa acessar a conta parece q est√° sempre fora do ar . Quando entra √© um sufoco;2;0;2.2.438005.0;2021-12-22 01:10:56;;
Cheio de bug, n√£o funciona direito o app. J√° tentei v√°rias coisas e nada.;1;1;2.2.432925.0;2021-11-06 12:10:32;;
Parou de funcionar. Apresenta mensagem de que atingiu o tempo limite.;1;0;2.2.432925.0;2021-11-07 18:16:06;;
App n√£o funciona, tenho 3 echo studios e mais a fire 4k e nada funciona direito! DESANIMADOR! N√ÉO INDICO A NINGU√âM!;1;0;2.2.432925.0;2021-11-03 21:58:41;;
O app demora uma eternidade para abrir a p√°gina de rotinas, as vezes nem abre...;1;1;2.2.435197.0;2021-11-11 00:54:13;;
App muito lento. Skills n√£o funcionam direito.;1;0;2.2.436689.0;2021-12-07 22:28:40;;
Muito lento! Demora demais a carregar quando abre;1;0;2.2.427576.0;2021-10-10 20:35:19;;
Depois da √∫ltima atualiza√ß√£o todas as minhas skills e rotinas sumiram...;1;0;2.2.436689.0;2021-12-07 22:08:14;;
N√£o estou conseguindo conectar com minhas skils, n√£o consigo mais ligar as luzes via Jwcom . Vcs poderiam consertar isso, por favor.;2;1;2.2.436689.0;2021-12-07 22:41:45;;
Muito lento e com travamento constante;2;0;2.2.435197.0;2021-11-12 16:28:42;;
N√£o consigo ouvir minha playlist do Spotify Premium, ela n√£o entendi e ou n√£o aceita os comandos;1;0;2.2.432925.0;2021-11-06 21:33:11;;
lento, pouco intuitivo e n√£o conversa bem com a rede wifi;1;0;2.2.438005.0;2021-12-21 03:29:13;;
Bem que voc√™s poderiam ativar o MODO CONTINUO da Alexa para o Brasil, n√©? At√© entendo voc√™s fazerem o teste primeiro nos EUA mas logo deveriam fazer a atualiza√ß√£o para o Brasil.;2;0;2.2.436689.0;2021-12-10 16:09:28;;
N√£o mexam no que funciona. Ta p√©ssimo. N√£o consigo achar gadgets inteligentes nem da tuya, smartlife positivo e afins dps da ultima atualiza√ß√£o;2;1;2.2.435197.0;2021-11-11 00:22:36;;
muito lento. e muito inst√°vel.;2;0;2.2.438005.0;2021-12-07 21:14:56;;
Comprei um echo dot, chegou hoje e n√£o consigo usar, por que o app est√° com a tela preta.;1;1;2.2.435197.0;2021-11-13 00:50:09;;
Aplicativo n√£o est√° funcionando a √°rea dos meus dispositivos.;1;0;2.2.435197.0;2021-11-16 15:17:41;;
Os outros nomes para ativar a Alexa √© muito ruim, o aparelho nao consegue identificar que estamoa chamando mesmo que as vezes gritando Echo ela n√£o ativa;1;0;2.2.436689.0;2021-11-27 19:10:15;;
N√£o vincula ao Spotify, ao Ekaza. P√©ssimo!;1;1;2.2.438005.0;2021-12-07 21:22:35;;
Tenho um Note20 ultra e o aplicativo ainda √© muito lento.;1;0;2.2.432925.0;2021-11-08 14:58:02;;
Extremamente lento, alexas lentas, semanas horr√≠veis;1;1;2.2.433151.0;2021-11-05 18:10:12;;
Parou de funcionar minha l√¢mpada inteligente desde a √∫ltima atualiza√ß√£o;1;0;2.2.436689.0;2021-12-07 22:09:55;;
n√£o est√° aceitando dispositivos inteligentes par√° iniciar rotinas no Brasil de quase nenhuma marca. um absurdo;1;0;2.2.436689.0;2021-11-27 22:25:03;;
A app brasileira est√° toda em brasileiro, a app portuguesa est√° em brasileiro e ingl√™s, s√©rio, por favor traduzam a app por completo.;2;0;2.2.438005.0;2021-12-14 11:22:10;;
Orivel passei horas tentando criar a conta mas n√£o vai olhei tutorial j√° que eu n√£o estava conseguindo mas ano adiantada orivel n√£o baixem.;1;0;2.2.430534.0;2021-10-26 19:21:10;;
√â lento pra p...... Mas a Alexa √© perfeita.;1;0;2.2.438005.0;2021-12-21 18:14:45;;
S√≥ de pensar em abrir o celular j√° trava.....n√£o importa o qu√£o potente seja o celular p√©ssimo horr√≠vel terr√≠vel;1;1;2.2.432925.0;2021-11-10 01:40:52;;
O aplicativo parou de se comunicar com a minha tomada e com o meu ar da LG, e com a minha l√¢mpada inteligente ü§¶üèº‚Äç‚ôÇÔ∏èüòû;1;0;2.2.436689.0;2021-12-07 22:04:47;;
troquei de celular e quero configurar minha alexa mas quando abro o aplicativo e tento fazer o login o aplicativo fecha sozinho;1;0;2.2.436689.0;2021-12-07 01:25:53;;
Ontem (15/11/21) entrei em contato com a Amazon e disseram que o programa estava em manuten√ß√£o e que demoraria umas 2h p normalizar... E NADA!!!!!;1;0;2.2.435197.0;2021-11-16 20:52:39;;
N√£o estou conseguindo conectar pelo wi-fi. Apenas pelos dados m√≥veis.;1;0;2.2.435197.0;2021-11-17 01:19:44;;
√â muito ruim para configurar em outro local;1;0;2.2.438005.0;2021-12-17 20:46:29;;
Aplicativo parou de funcionar para comando de voz do meu infravermelho.;1;0;2.2.436689.0;2021-12-07 18:52:45;;
Est√° apresentando alguns travamentos, que atrapalham na utiliza√ß√£o do app;2;0;2.2.438005.0;2021-12-25 12:29:09;;
N√£o funciona o Spotify pelo app, simplesmente a Alexa n√£o encontra;2;0;2.2.427576.0;2021-10-17 06:31:52;;
Intelig√™ncia artificial limitada. Aparelho e software ruins.;1;0;2.2.427576.0;2021-10-16 13:20:56;;
Comprei uma echo dot 4 e fiquei dias sem conseguir configurar saiu uma atualiza√ß√£o eu finalmente consegui configurar mas dias depois ja parou de novo. N√£o consigo criar nenhuma rotina. N√£o recomendo.;1;1;2.2.435197.0;2021-11-14 19:32:04;;
Deixou de funcionar, s√≥ aparece uma tela preta.;1;1;2.2.435197.0;2021-11-10 19:37:17;;
As fun√ß√µes n√£o abrem, n√£o consigo alterar as rotinas, nem configurar as extens√µes.;1;0;2.2.432925.0;2021-11-10 12:36:10;;
N√£o consigo fazer login no app. Ao tentar fazer o login, o app fecha sozinho.;1;1;2.2.430534.0;2021-10-23 18:58:12;;
Abuso, Comprei um Fire tablet 2021 e essa coisa n√£o funciona somente no site tablet da pr√≥pria amazon piada com a cara do consumidor???;1;0;2.2.427576.0;2021-10-17 21:02:51;;
Chamada de v√≠deo n√£o deixaais rotacionar a tela e fica uma telinha min√∫scula na echo show 5.;1;0;2.2.435197.0;2021-11-17 19:31:02;;
Muito bom , mais ainda precisa de muita coisa ainda , e por favor coloca o TIDAL pra pra ouvirmos tbm usamos;2;0;2.2.438005.0;2021-12-19 15:08:16;;
Poderiam aumentar a qualidade das m√∫sicas como no Amazon music.;2;0;2.2.432925.0;2021-11-08 11:37:39;;
Estou tentando enviar avisos para o fire stick tv e n√£o estou conseguindo mais. Diz que o aparelho est√° indispon√≠vel. Mas nas configura√ß√µes tudo normal.;1;0;2.2.427576.0;2021-10-11 14:41:19;;
Muito complicado de mexer e lento para executar as funcoes;2;0;2.2.427576.0;2021-10-24 12:35:48;;
Muito inst√°vel, a c√¢mera funciona quando quer.;1;0;2.2.432925.0;2021-11-07 12:27:47;;
P√©ssimo! Achei que era s√≥ eu que estava tendo problemas mas quando entrei aqui nas avalia√ß√µes, √© geral msm. N√£o d√° pra fazer nada, ver c√¢mera de seguran√ßa, subir foto... Nada!;1;0;2.2.436689.0;2021-11-23 23:37:32;;
Para automatizar conv√©m que ache um bom profissional para evitar dor de cabe√ßa.;2;0;2.2.427576.0;2021-10-17 03:46:06;;
Lento como sempre, nenhuma atualiza√ß√£o melhora isso nunca;1;1;2.2.435197.0;2021-11-18 20:12:49;;
Aplicativo demora a responder aos comandos;1;0;2.2.438005.0;2021-12-16 21:07:08;;
Estou tentando logar e simplesmente fica numa tela preta e n√£o sai mais! J√° desinstalei e instalei e nada;1;4;2.2.435197.0;2021-11-14 05:42:11;;
Parou de funcionar desde a √∫ltima atualiza√ß√£o;2;0;2.2.436689.0;2021-12-07 17:08:42;;
Arruma o app, n√£o t√¥ conseguindo fazer nada na minha Alexa, j√° se passaram mais de 1 semana;1;0;2.2.435197.0;2021-11-11 04:26:53;;
Eu comprei a gera√ß√£o 4 ainda n√£o consegui usar ainda me arrependo de ter comprado,s√≥ vejo coment√°rios ruins eu comprei uma coisa que n√£o presta.;1;1;2.2.435197.0;2021-11-14 06:01:00;;
lembretes n√£o est√° funcionando ap√≥s atualizar.;1;0;2.2.435197.0;2021-11-16 15:01:33;;
O aplicativo n√£o ta funcionando, ativar o smartThings.;1;0;2.2.436689.0;2021-12-07 21:44:20;;
N√£o funciona corretamente, s√≥ diz tente mais tarde novamente! üòí;1;0;2.2.436689.0;2021-12-07 17:16:12;;
est√° bugando toda hora e n√£o consigo botar m√∫sica nele! pfvr me digam o que fazer;1;0;2.2.432925.0;2021-11-02 14:30:56;;
Mais ou menos. N√£o gostei dos lembretes. √â muito simples.;2;0;2.2.427576.0;2021-10-16 15:41:42;;
App extremamente lento e arrastado;2;0;2.2.432925.0;2021-11-05 04:35:09;;
A tela fica toda preta. N√£o est√° abrindo o aplicativo. Mtooo ruim. Estava indo mto bem, agora est√° dando problema.;1;1;2.2.432925.0;2021-11-10 10:27:12;;
O app n√£o est√° abrindo, fica carregando e n√£o abre nunca. Como vou usar a automa√ß√£o da minha casa?;1;0;2.2.435306.0;2021-11-17 13:10:42;;
N√£o est√° conectado a minha tv tcl vejam isso.;1;1;2.2.435306.0;2021-11-23 20:33:59;;
Ap√≥s atualiza√ß√£o n√£o consigo ver minhas skills.;2;0;2.2.436689.0;2021-12-07 22:55:11;;
Aplicativo horr√≠vel... S√≥ tela preta e carregamento sem fim.;1;0;2.2.436689.0;2021-12-07 21:59:07;;
A minha Alexa dei problema hoje. est√° falhando constantemente. com quem devo falar?;1;0;2.2.438005.0;2021-12-15 19:05:44;;
Estou com problema o aplicativo fica em uma TELA preta, preciso configurar o Wi-Fi e n√£o estou conseguindo.;1;1;2.2.432925.0;2021-11-07 13:55:59;;
A parte de comunica√ß√£o n√£o est√° funcionando.;2;0;2.2.436689.0;2021-12-03 22:32:50;;
Tudo muito lento(e est√° cada vez pior,tem um delay enorme)a abrir e raramente reage ao primeiro toque. Para quando tudo em portugu√™s de Portugal falado por 200 Milhoes em todo o mundo,sem haver necessidade de andar a configurar TUDO em lojas de pa√≠ses diferentes.;1;11;2.2.413073.0;2021-07-15 10:47:26;;
Usa o login da Amazon. Quero resgatar a senha. Dae me mandou um c√≥digo por email. Digitei o c√≥digo. Depois fica perguntando a data de vencimento de um cart√£o que eu nem tenho mais. Agora a √∫nica op√ß√£o que sobrou √© ligar pra um n√∫mero dos EUA pra tentar falar com algu√©m.;1;0;2.2.436689.0;2021-11-28 10:18:20;;
S√≥ √± dou 0 estrelas porque n√£o pode, fui pedir uma m√∫sica de KPOP e ela disse que n√£o tinha, sendo que tinha. Eu s√≥ falo uma coisa √© o pior rob√¥ que eu j√° vi em toda a hist√≥ria da minha vida. Achei que a Amazon era melhor que isso...;1;1;2.2.432925.0;2021-11-01 22:46:06;;
Est√° o dia todo com problema.. n√£o funciona o app! Diz que est√° demorando demais para responder;1;2;2.2.432925.0;2021-11-03 23:20:24;;
Desde a √∫ltima atualiza√ß√£o que n√£o consigo emparelhar luzes com a app;1;0;2.2.438005.0;2021-12-17 16:58:53;;
√â bem funcional, mas quando tem que reconfigurar √© uma m.e.r.d.a.!!!;1;0;2.2.436689.0;2021-12-02 14:37:29;;
N√£o consigo configurar pra ela fazer chamadas de emerg√™ncia pra telefones diretos;1;0;2.2.427576.0;2021-10-17 12:09:58;;
N√£o est√° funcionando corretamente pede para ligar luz disse que n√£o foi encontrado;1;0;2.2.438005.0;2021-12-14 12:34:16;;
N√£o consigo configurar. Ap√≥s escolher o pa√≠s n√£o continua.;1;0;2.2.435306.0;2021-11-21 14:00:02;;
N√£o consigo parear o echo dot 4, fica dando erro de conectividade, mesmo do lado do modem.;1;0;2.2.436689.0;2021-12-07 18:09:07;;
muito dif√≠cil de entender, agregar dispositivos;1;0;2.2.438005.0;2021-12-18 00:09:29;;
App feito pra üêñ usar. Amazon t√° tentando cobrir o buraco deixado pela Apple, entregando üí© com perfume e uma roupa bonita.;1;0;2.2.432925.0;2021-10-30 15:10:38;;
N√£o consigo configurar echo show 8 com o aplicativo, e n√£o encontro informa√ß√µes nenhuma;1;0;2.2.430534.0;2021-10-26 17:19:13;;
Minha Alexa n√£o conecta ao wi-fi :(;1;0;2.2.427576.0;2021-10-08 10:02:16;;
N√£o consegui entrar no App, pq meus dados est√£o dando errado sendo q eu uso eles para tudo. Odiei;1;0;2.2.427576.0;2021-10-18 15:00:27;;
Horrivel, comprei uma e nao consigo fazer a configura√ß√£o porwue o app nao abre so fica com a tela escura;1;1;2.2.432925.0;2021-11-06 05:56:52;;
horr√≠vel, n√£o funciona e n√£o cumpre com o m√≠nimo;1;0;2.2.438005.0;2021-12-13 23:34:45;;
n√£o √© poss√≠vel configurar o aparelho fala que ta sem internet ...;1;0;2.2.436689.0;2021-12-07 02:04:37;;
Travou. J√° desinstalei e reinstalei e nada. Apenas tela preta.;2;0;2.2.432925.0;2021-11-02 02:19:14;;
O app n√£o funciona. S√≥ aparece uma tela preta;1;0;2.2.435197.0;2021-11-16 18:47:46;;
Tenho q mudar o wi-fi mas a conta na Alexa n abre... Aparece a logo da Amazon e fica tudo preto ü§®ü§¨;1;1;2.2.432925.0;2021-11-07 18:09:49;;
vive dando mensagem de dispositivo n√£o compat√≠vel. meu celular m21 Samsung 2020;2;0;2.2.436689.0;2021-11-26 10:10:08;;
Ela mal me compreende, se limita a fazer buscas como a Google Assistente e quase nunca sabe nada do que pergunto.;2;0;2.2.432925.0;2021-11-01 21:36:54;;
Aplicativo lixo n√£o d√° pra entrar agente faz tudo que mandar mais no final n√£o d√° em nada üò†üò¨üò¨üò°üò°eu s√≥ perdi meu tempo;1;0;2.2.432925.0;2021-11-05 04:37:00;;
P√©ssimo, dps de um tempo nenhuma skill funciona direito, toda vez q tira o aparelho da tomada tem q revincular a conta, experi√™ncia horr√≠vel;1;1;2.2.426944.0;2021-10-03 22:15:59;;
Aplicativo trava na hora de adicionar rotinas.;2;0;2.2.436689.0;2021-11-25 22:31:03;;
Na √∫ltima atualiza√ß√£o Alexa n√£o responde comandos do Spotify, quando joga a m√∫sica pra ela tocar.;2;0;2.2.426944.0;2021-10-04 23:28:36;;
Dispositivos param de serem comandados do nada . Minhas luzes do nada param de funcionar pela alexa... triste;2;0;2.2.426944.0;2021-10-03 21:19:21;;
Coloco meu login e senha e a tela fica toda preta. N√£o sai disso.;1;1;2.2.432925.0;2021-11-06 10:54:16;;
Lento, pouco intuitivo e complicado. Piorou , ent√£o tirei mais uma estrela;1;1;2.2.426944.0;2021-10-03 21:09:57;;
Ao solicitar que toque m√∫sicas pelo Deezer, na maioria das vezes n√£o entende ou toca pela Amazon...;1;0;2.2.436689.0;2021-12-02 01:25:33;;
O equipamento √© bom, ja o APP..... Muito fraco. Trava sempre.;2;0;2.2.427576.0;2021-10-10 13:00:31;;
"Extremamente n√£o-responsivo: provavelmente o app mais lento de toda a play store; um fiasco para uma empresa que √© refer√™ncia na computa√ß√£o em nuvem.";2;3;2.2.416420.0;2021-08-16 05:25:46;;
alexa sempre desconfigurado.;2;0;2.2.438005.0;2021-12-15 20:12:44;;
at√© agora n√£o funcionou com minha tv LG e nem com minha c√¢mera Intelbras;1;0;2.2.438005.0;2021-12-15 00:16:24;;
O aplicativo trava muito no celular!;2;2;2.2.432925.0;2021-11-04 19:41:46;;
Lixo funcionou um dia s√≥. √ë abre ou tem dificuldade pra entender. Cansei.;1;0;2.2.438005.0;2021-12-24 18:46:43;;
Lixo. Se colocar seu beb√™ p dormir, ela vai acorda-lo com algum an√∫ncio in√∫til. Pode ter certeza, ela sabe como irritar!;1;0;2.2.427576.0;2021-10-21 17:52:21;;
Aplicativo extremamente lento;1;0;2.2.438005.0;2021-12-20 03:05:27;;
Lenta no Android, r√°pida em iOS. Deixou de conseguir reproduzir m√∫sica no Marantz, tanto a partir do Echo Dot como da App Android.;2;0;2.2.416420.0;2021-08-20 01:51:48;;
N√£o consigo baixar √°udio de livros, caiu a internet cai o √°udio.;1;0;2.2.438005.0;2021-12-11 18:49:13;;
O aplicativo parou de funcionar j√° tem dias;1;0;2.2.432925.0;2021-11-08 15:07:20;;
Baixei o app para ouvir meus audiobooks Kindle, mas est√° dando erro e n√£o consigo ouvi-los.;2;0;2.2.436689.0;2021-11-25 18:43:14;;
Problemas: alexa poderia ouvir melhor, deveria responder mais r√°pido. pra mim esses foi os dois problemas que t√° me incomodando;1;0;2.2.436689.0;2021-12-03 14:36:01;;
muito lenta, demorando a responder, j√° foi melhor.;1;0;2.2.436689.0;2021-12-07 22:20:49;;
Tela preta. N√£o adiciona novos dispositivos.;1;1;2.2.432925.0;2021-11-06 12:15:36;;
N√£o consigo ligar no app... preciso organizar minha casa, por favor resolvam esse problema!;1;1;2.2.432925.0;2021-11-08 10:16:38;;
Esse ap √© muito ruim, j√° estou pagando e Alexa n√£o toca nada que a gente pede. Decepcionada!;1;1;2.2.432925.0;2021-11-07 18:24:16;;
Compatibilidade √© um ponto a ser melhorado;2;0;2.2.436689.0;2021-11-30 20:30:28;;
Ultimamente est√° muito lento e falhando as automacoes. Nem consigo abrir as skills;2;0;2.2.426944.0;2021-10-03 21:14:58;;
Nao est√° funcionando o pareamento com o fire tv via Bluetooth. Som fica quase impercepitivel. Por favor poderiam concertar. Desde j√° agrade√ßo;1;0;2.2.426944.0;2021-10-09 03:54:11;;
Carregando eternamente as abas Echo dot n conecta ao wifi...;1;3;2.2.432925.0;2021-11-05 01:39:04;;
Aplicativo p√©ssimo. Trava muito, demora a responder. S√≥ uso pq sou obrigado.;1;0;2.2.436689.0;2021-11-24 23:24:09;;
"N√£o aceita conta do ""Tidal"" na Echo show 8. Por favor arrumem isso.";1;0;2.2.436689.0;2021-12-05 14:28:23;;
As vezes n√£o funciona ou para as m√∫sicas;2;0;2.2.430534.0;2021-10-29 09:21:11;;
Muito lenta aplica√ß√£o n√£o gosto podia ser melhor ‚≠ê;1;1;2.2.432925.0;2021-11-07 19:47:44;;
O modo m√£os livres simplesmente n√£o funciona.;2;0;2.2.435306.0;2021-11-23 08:41:21;;
o aplicativo n√£o responde aos comandos, est√° cada dia pior;1;0;2.2.435306.0;2021-11-17 18:33:43;;
T√° dando erro direto, tempo limite foi atingido. Estou sem minha Alexa. Consertem isso por favor;1;1;2.2.426944.0;2021-11-09 21:25:03;;
Aplicativo muito pesado n√£o recomendo e lento;2;0;2.2.432925.0;2021-11-11 11:52:53;;
Pioorrrrrrr app do mundo ... Depois desse atualiza√ß√£o o app n√£o presta pra nada;1;0;2.2.436689.0;2021-11-28 14:43:45;;
As pessoas ficam encantados com a Alexa/Echo no in√≠cio e d√£o nota boa por√©m o app em s√≠ √© terr√≠vel e muito mal otimizado.;1;0;2.2.423409.0;2021-09-23 04:33:00;;
Mais um brinquedinho caro de classe que promete mundos e fundos, e, n√£o cumpre. Mas t√° na onda da vez, n√©?!.. N√£o se deixe enganar, a proposta √© muito boa, mas ainda precisam amadurecer muuuito e simplificar mais um tant√£o, para que um dia seja efetivamente √∫til a quem realmente poderia ajudar. Afora as casas inteligentes, se voc√™ estiver disposto a investir mais um monte para poder se servir.;2;0;2.2.413073.0;2021-07-28 11:47:48;;
Lento demais, convenhamos. Falta muita otimiza√ß√£o, falta dinheiro pra Amazon fazer isso?;1;1;2.2.416420.0;2021-08-29 15:50:56;;
Gente, eu n√£o aguento mais usar o aplicativo pra escutar livros e ele voltar pro in√≠cio do cap√≠tulo! Quando coloca pra tocar no Echo, vai bem, mas no aplicativo para no meio do cap√≠tulo e volta pro in√≠cio dele, ja falei com o suporte, e nada muda!;1;0;2.2.423409.0;2021-09-30 15:51:15;;
Skills n√£o carregam de maneira alguma.;1;0;2.2.438005.0;2021-12-07 22:03:09;;
N t√° abrindo a configura√ß√£o!!! J√° t√° semana q n funciona!!!!;1;1;2.2.435197.0;2021-11-11 00:38:20;;
No celular Poco x3 pro ,o app ap√≥s receber o primeiro comando de voz para por a√≠ e n√£o funciona mais;1;0;2.2.423409.0;2021-09-26 10:19:38;;
Travando muito. Traticamente n√£o abre. Quando abre n√£o reconhece os dispositivos da minha casa;2;0;2.2.423409.0;2021-09-25 17:30:30;;
Tento adicionar a agenda do google, por√©m ao clicar em avan√ßar nada acontece.;2;0;2.2.416420.0;2021-08-17 22:31:06;;
N√£o funciona no wifi, s√≥ no 4G.;1;1;2.2.432925.0;2021-11-10 01:08:23;;
Por enquanto s√≥ tenho reclama√ß√µes. Ela n√£o conecta com meu Wi-Fi de jeito nenhum. S√≥ me responde pelo app e n√£o pela caixinha. Muito arrependida...;1;0;2.2.415290.0;2021-08-03 21:43:40;;
Criei uma rotina para se iniciar todo dia as 22h, mas a Alexa NUNCA a executa. Tenho outras rotinas em outros hor√°rios e funciona normal. O que pode ser???;1;0;2.2.415290.0;2021-07-29 04:26:40;;
Ol√°, venho pedir que corrija erro do aplicativo, ele esta agarrando d+... Nao sei oq esta acontecendo mais quando tento conctar o meu echo dot, ele buga e tudo come√ßa a dar errado, nao faz drop in nem nada, ja atualizei fa fiz de tudo, mais mesmo assim ele agarra muito . por favor fa√ßam uma atualiza√ßao para corrigir bugs etc... Obrigado;1;0;2.2.413073.0;2021-09-11 04:54:59;;
N√£o t√° conectando com spotify , adiciono Minha conta no App mais a alexa informa que n√£o tem conta, .;1;1;2.2.416420.0;2021-08-06 09:56:55;;
√ìtimas fun√ß√µes, por√©m aplicativo muito lento e usabilidade muito deficiente;2;0;2.2.416420.0;2021-08-29 19:46:57;;
N√£o faz nada al√©m de tocar m√∫sica n√£o compre nunca uma alexa estar√° jogando seu dinheiro fora;1;0;2.2.416420.0;2021-08-26 01:36:32;;
Aplicativo t√° travando demais, demora para carregar tudo.;2;0;2.2.415290.0;2021-08-05 03:29:24;;
Muito lento,vive falhando,uso por n√£o ter paci√™ncia de mudar para outro;1;1;2.2.416420.0;2021-08-13 23:52:39;;
Como n√£o ter SANTOS FUTEBOL CLUBE, Configura√ß√µes - prefer√™ncias - esportes ADICONAR TIMES, n√£o encontrei o SANTOS FUTEBOL CLUBE;1;0;2.2.413073.0;2021-07-30 02:46:06;;
SMS de valida√ß√£o da conta n√£o chega nem enviando do app e nem do site. N√£o permitindo login.;1;0;2.2.423409.0;2021-09-26 15:32:40;;
Muito lento, trava, mesmo com celular novo de √∫ltima gera√ß√£o;2;1;2.2.416420.0;2021-08-10 11:13:25;;
C√¢mera da echoshow n√£o funciona em celular com processador Dimensity - MediaTek;1;0;2.2.436689.0;2021-11-29 01:03:22;;
O App, depois da √∫ltima atualiza√ß√£o est√° muito lento.;2;0;2.2.413073.0;2021-07-24 17:25:39;;
Falta muitas coisas para funcionar perfeitamente em Portugal, tem muitas coisas que n√£o funcionam.;1;1;2.2.413073.0;2021-07-29 20:43:31;;
Horr√≠vel,instalei o app sou novo e crie uma conta mas eu coloco meu email e o c√≥digo n√£o chega pra mim nunca;1;0;2.2.427576.0;2021-10-13 18:13:49;;
O aplicativo fica muito lento, tem que ter muita paci√™ncia para criar rotinas.....;2;0;2.2.416420.0;2021-08-19 22:16:41;;
N√£o sei se √© meu celular ( redmi note 7) ,Mas o app sempre foi muito lento e bugado demora demais pra tudo nele !;1;0;2.2.413073.0;2021-07-23 15:29:21;;
Aplicativo extremamente lento em algumas ocasi√µes. Criar uma rotina √© um teste de paci√™ncia.;1;0;2.2.421843.0;2021-09-04 11:33:27;;
N√£o da pra instalar skill em ingles, o que deixa tudo muito limitado. Em portugu√™s √© bem pouca a quantidade de skills;1;0;2.2.421843.0;2021-09-03 21:00:28;;
Parou de funcionar em todos os celulares da casa.;1;4;2.2.432925.0;2021-11-04 20:24:34;;
Aplicativo pesado, no meu dispositivo em v√°rios momentos ele se torna lerdo e apresenta alguns travamentos;2;0;2.2.415290.0;2021-08-04 14:50:26;;
A fun√ß√£o de comunicao com xbox onde ele comunica com o App alexa do xbox podendo pedir para reproduzir uma m√∫sica no Xbox n√£o funciona;1;0;2.2.415290.0;2021-07-29 02:05:18;;
T√° orivel travando muito o aplicativo .;1;0;2.2.436689.0;2021-12-02 22:55:22;;
Desde a √∫ltima atualiza√ß√£o a tela fica preta e n√£o consigo mexer em nada.;1;1;2.2.435197.0;2021-11-16 04:16:01;;
Estou tendo um baita problema com este app ele conectou a minha caixa Bluetooth e agora n√£o consigo aumentar mais o volume caixa de som Pelo fire stick tv da Amazon;1;0;2.2.422256.0;2021-09-20 17:21:18;;
Aplicativo muito lento, com alguns erros;1;0;2.2.432925.0;2021-11-03 12:52:54;;
Muito ruim,n√£o consegui nem configurar, pois d√° erro todas as vezes.;1;0;2.2.413073.0;2021-07-29 18:29:12;;
Pouco intuitivo e baixa integra√ß√£o com a echoshow.;2;0;2.2.416420.0;2021-08-12 14:07:39;;
A falta de integra√ß√£o com Chromecast e YouTube √© uma limita√ß√£o imensa.;1;1;2.2.416420.0;2021-08-17 16:21:54;;
N√£o consigo mais acessar minha conta, pois troquei meu n√∫mero de telefone, e quando vou entrar a Amazon manda um sms para o n√∫mero antigo, e n√£o me oferece suporte para trocar meu telefone.;1;0;2.2.413073.0;2021-07-25 06:38:30;;
O aplicativo est√° muito lento, ou √© normal esperar mais de 10 minutos pra carregar algo ?;2;0;2.2.421843.0;2021-09-08 23:28:44;;
Limitado, lento e consome muita bateria e mem√≥ria! üëéüèæ;1;0;2.2.422256.0;2021-09-19 16:51:14;;
N√£o possui mais modo noturno no meu celular e parou de funcionar o controle das l√¢mpadas positivo;2;1;2.2.426944.0;2021-10-03 21:29:47;;
Perdeu a fun√ß√£o de criar rotinas com a Alexa respondendo frases criadas pelos usu√°rios. Ao inv√©s de melhorar piora... N√£o atualizem.;2;0;2.2.416420.0;2021-08-06 01:41:00;;
Muito recurso n√£o dispon√≠vel, como reconhecimento individual de voz!!;1;1;2.2.422256.0;2021-09-16 17:15:26;;
Eu coloco o c√≥digo certo e fala que o c√≥digo e inv√°lido, n√£o tem nada de inv√°lido no c√≥digo,cheguei a coferir 3 vezes se estava certo,e realmente estava certo o c√≥digo.;1;0;2.2.416420.0;2021-08-19 22:46:22;;
N√£o consigo executar o Spotify. O app Alexa diz que a skill n√£o existe mais. Como posso resolver isso?;2;0;2.2.413073.0;2021-07-20 19:39:31;;
App nao funciona mais, a tela fica preta eternamente! Lamentavel!;1;0;2.2.435197.0;2021-11-16 19:20:53;;
Tudo muito voltado para Amazon r somente seus aplicativos. Tem que expandir mais.:(;2;0;2.2.416420.0;2021-08-20 09:39:22;;
O aplicativo √© pouco intuitivo, bastante lento em meus 2 aparelhos.;2;0;2.2.413073.0;2021-07-25 18:05:52;;
Depois da atualiza√ß√£o ele n√£o est√° funcionando mais as rotinas.;2;0;2.2.416420.0;2021-08-06 13:47:24;;
A op√ß√£o de audiobook fica voltando e repetindo, j√° atualizei v√°rias vezes e esse bug continua ü•∫;1;0;2.2.416420.0;2021-11-03 15:43:22;;
No meu celular nao esta abrindo mais, a tela fica preta e nao abre.;1;1;2.2.432925.0;2021-11-07 13:47:42;;
O meu app n√£o sai da tela para escolher a regi√£o kkkkkk;1;0;2.2.438005.0;2021-12-21 11:11:15;;
Parou de funcionar o aplicativo. N√£o consigo entrar em nada.;1;1;2.2.432925.0;2021-11-03 12:02:12;;
P√©ssimo , n√£o funciona direito fica dizendo que t√° sem internet;1;0;2.2.432925.0;2021-11-06 18:19:20;;
App t√° um lixo internet t√° com 500mg e n√£o consegue carregar uma skill;2;0;2.2.438005.0;2021-12-07 22:03:35;;
Aplicativo muito lento para abrir;1;0;2.2.432925.0;2021-11-09 08:34:08;;
Tento colocar meu e-mail mas quando come√ßa a carregar e sair do aplicativo e quando entro novamente tem que coloca o e-mail de novo com isso n√£o consigo entrar;1;0;2.2.413073.0;2021-07-15 18:50:22;;
Mo ruim vei agente sempre tenta coloca a conex√£o e n√£o da;1;0;2.2.427576.0;2021-10-12 19:53:59;;
O APP est√° muito lento.;1;0;2.2.427576.0;2021-10-15 13:08:33;;
A nota √© para o App, a Alexa √© excelente.;2;0;2.2.426944.0;2021-10-04 19:28:19;;
trava a todo momento;1;0;2.2.438005.0;2021-12-08 13:36:27;;
Comparada a G assistente. A Alexa √© bem burrinha.;1;0;2.2.432925.0;2021-11-11 18:11:26;;
√ìtima,por√©m o app quase todo saiu do portugu√™s Brasil,abaixei de 5 para 2 estrelas por conta da atualiza√ß√£o ruim que ficou o app no smartphone;2;0;2.2.416420.0;2021-08-11 23:22:54;;
muito confuso deveria ser mais simples;1;0;2.2.438005.0;2021-12-21 19:37:46;;
Lento, pesado e sonso igual a Alexa respondendo pergunta simples. Drena mais bateria que um opala 8 caneco bebe de combustivel;1;0;2.2.422256.0;2021-09-20 22:33:28;;
muito lento, trava muito;1;0;2.2.436689.0;2021-12-08 13:29:08;;
N√£o toca playlist do deezer, n√£o deixar escolhas m√∫sicas pelo app.;1;1;2.2.421843.0;2021-09-11 21:04:50;;
Aplicativo n√£o est√° conectando minha exho dot3 no wi-fi da minha casa mais antes era normal agora o app da erro;1;0;2.2.422256.0;2021-09-15 20:32:44;;
N√£o estou conseguindo conectar com wi-fi.;1;0;2.2.435306.0;2021-11-17 21:42:29;;
O app trava muito durante o uso.;2;0;2.2.432925.0;2021-11-07 13:19:56;;
N√£o funciona. Tela fica preta e n√£o abre.;1;0;2.2.432925.0;2021-11-08 20:42:46;;
Falta de respeito com o consumidor, se nao assinar esse lixo de music unlimitedlixo o app nao funciona √©?;1;0;2.2.432925.0;2021-11-10 14:46:01;;
Muito limitado , me decepcionei , vou compra a do Google pra ver se √© melhor .;1;0;2.2.421843.0;2021-09-08 18:47:23;;
O despertador n√£o funciona mais;1;0;2.2.436689.0;2021-12-02 11:35:26;;
n√£o t√° funcionando direito horr√≠vel üòî decepcionante;1;2;2.2.436689.0;2021-12-07 19:45:17;;
App todo bugado , n consigo nem logar;1;0;2.2.436689.0;2021-12-07 17:04:36;;
aplicativo muito lento;1;0;2.2.438005.0;2021-12-16 21:14:31;;
Spotify mudo. N√£o consigo reproduzir nada do Spotify em minha echo dot 3 mesmo tendo conta premium;2;0;2.2.416420.0;2021-08-07 20:03:07;;
Tento abrir a c√¢mera e o app cai e tem que voltar a tentar muitas vezes espero que atualizem pois antes funcionava bem se melhorar eu volto comentar por agora 2 estrelas;2;0;2.2.430534.0;2021-10-20 16:37:37;;
Aplicativo trava demais e √© extremamente lento;2;0;2.2.426944.0;2021-10-04 04:13:51;;
Mal otimizado, trava td hr, esquenta o celular;2;0;2.2.438005.0;2021-12-17 23:46:28;;
Parou de reconhecer o app cloud inteligence. Trava muito o app alexa.;2;0;2.2.426944.0;2021-10-01 20:48:47;;
Meu endere√ßo QNO 12 CEIL√ÇNDIA Norte, n√£o aparece nas configura√ß√µes, mesmo estando em outros aplicativos.;1;0;2.2.422256.0;2021-09-11 06:54:42;;
Ganhei uma marilhosa Echo Dot 3, mas o app no meu Samsung A70 est√° travando direto, sem contar que s√≥ consegui configurar num Moto G5.;1;0;2.2.416420.0;2021-08-05 02:25:07;;
Lento, pouco intuitivo e complexo.;2;0;2.2.421843.0;2021-09-05 02:32:51;;
P√©ssimo, n√£o indico pra ningu√©m. Imposs√≠vel configurar seguindo as instru√ß√µes.;1;0;2.2.416420.0;2021-08-22 13:54:41;;
app muito lento e travando;2;0;2.2.436689.0;2021-11-27 18:41:15;;
A integra√ß√£o com o Android n√£o vai nada bem;2;0;2.2.438005.0;2021-12-21 15:26:39;;
Simplesmente n√£o roda no meu telefone. Parou do nada e nunca mais voltou;1;1;2.2.435197.0;2021-11-16 16:08:50;;
Muito chato, tem essas Skil, sei l√° oq eh Skoil tem que ficar configurando tudo... O Google funciona sem essas frescuras todas;1;0;2.2.421843.0;2021-09-02 17:07:39;;
Sou cliente e n√£o funciona app n√£o consigo baixar skil favor resolver o problema;1;1;2.2.435197.0;2021-11-10 02:09:27;;
Extremamente dif√≠cil de configurar, horr√≠vel;1;0;2.2.432925.0;2021-11-05 17:25:49;;
App sem funcionar, tela preta, manda tentar novamente , Cida;1;1;2.2.433151.0;2021-11-07 15:47:31;;
N√£o est√° efetuando o login. Ap√≥s colocar os dados √© solicitado o login novamente. Android 11 Realme 6 Pro;1;0;2.2.416420.0;2021-08-05 10:21:28;;
Lixo trava demais, o modo home theath falha demais, nem sempre ela toca as m√∫sicas desejadas;1;0;2.2.426944.0;2021-10-02 19:43:16;;
Ao efetuar o login e senha o App fecha automaticamente.;1;0;2.2.416420.0;2021-08-14 17:05:47;;
p√©ssima experi√™ncia para conectar com a Echo dot 3;1;0;2.2.436689.0;2021-11-29 22:52:13;;
Dif√≠cil, ainda me adaptando.;1;0;2.2.436689.0;2021-12-01 01:54:07;;
N√£o consigo logar de jeito nenhum.;1;0;2.2.436689.0;2021-12-07 16:37:42;;
Depois da atualiza√ß√£o, est√° bem dif√≠cil entrar;2;0;2.2.435197.0;2021-11-14 21:43:06;;
Muito lento, trava toda hora.;2;1;2.2.416420.0;2021-08-17 02:18:19;;
"Tive problema com a minha Alexa e a Amazon n√£o resolveu meu problema. J√° faz 2 meses que eles falam que vai resolver e nada. O produto est√° na garantia e eles n√£o querem trocar, pois ela est√° com defeito e quando chamo ""Alexa"" ela n√£o responde.";1;0;2.2.416420.0;2021-08-28 23:21:57;;
Meu aplicativo parou de funcionar, fica a tela preta.;1;1;2.2.432925.0;2021-11-01 00:00:41;;
Legalzinho, mas s√≥ funciona com o app aberto;1;0;2.2.438005.0;2021-12-23 01:19:14;;
Simplesmente da uns bugs do nada e n√£o da pra mexer voltarei a usar quando me dizerem que realmente vale a pena;1;0;2.2.413073.0;2021-07-28 21:29:33;;
Quando vou ligar no app aparece uma tela preta e fica nela para sempre;1;0;2.2.432925.0;2021-11-01 20:57:18;;
N√£o conecta wi-fi.;1;0;2.2.436689.0;2021-12-04 04:41:54;;
era pra ser simples... totalmente dif√≠cil;1;0;2.2.438005.0;2021-12-18 17:47:22;;
N√£o consegui refazer (nova senha), para habilitar o alexa?!?;1;0;2.2.435197.0;2021-11-11 17:38:50;;
Aplicativo lento no s20, meu Deus, os desenvolvedores n√£o est√£o vendo isso?;1;1;2.2.421843.0;2021-09-07 20:24:28;;
Aminha aexa estar ficando off-line todo dia. Tenho que reiniciar.;2;0;2.2.416420.0;2021-08-28 13:54:44;;
Gosto mas quero chamar ela de ziggy masculino atualiza ai faz favor n√© sei q o comando t√° s√≥ l√° fora eu q sou do brasil n√£o tenho mas quero ajuda ai Quando vai ser liberado ?;2;0;2.2.435197.0;2021-11-11 03:44:05;;
N√£o instala e quando instala aparece um n√∫mero que n√£o tenho acesso;1;0;2.2.426944.0;2021-10-03 21:01:10;;
Aplicativo parou de abrir. Vou perder minha Alexa? Complicado!!;1;0;2.2.436689.0;2021-12-07 16:04:35;;
o aplicativo parou de funcionar, ja tem umas 3 semanas;1;0;2.2.435197.0;2021-11-13 13:51:41;;
Metade do aplicativo est√° em ingl√™s e portugues e a configura√ß√£o de voz est√° em ingl√™s e n√£o tem como mudar;1;0;2.2.416420.0;2021-08-07 22:37:50;;
muito lento e trava muito;2;0;2.2.435197.0;2021-11-13 18:38:19;;
Nao entende o comando qnd quero que toque em todos os alto-falantes e o programa √© mt lento;1;0;2.2.413073.0;2021-07-18 00:09:02;;
Simplesmente parou, n√£o consigo nem instalar de novo o aplicativo .;2;1;2.2.432925.0;2021-11-09 23:47:20;;
n√£o encontrei suporte para ROKU TV e ROKU EXPRESS - para o brasil;1;0;2.2.427576.0;2021-10-14 17:30:15;;
O app n√£o est√° bom, pois s√≥ fica na tela preta!;1;0;2.2.432925.0;2021-11-07 00:10:56;;
Simplesmente n√£o consigo usar, o app buga toda hora.;2;1;2.2.421843.0;2021-09-05 13:24:44;;
Muito lento , fora isso beleza;2;0;2.2.430534.0;2021-10-27 23:07:11;;
Um tanto lento. Cheio de dicas na tela inicial que desativo mas retorna.;2;0;2.2.416420.0;2021-08-30 10:56:45;;
O aplicativo n√£o est√° mais funcionando;1;0;2.2.435197.0;2021-11-15 11:26:24;;
O app poderia ser muito bom, mas peca muito!;2;0;2.2.427576.0;2021-10-11 10:10:01;;
O servi√ßo anda n√£o respondendo diversas vezes.;2;0;2.2.438005.0;2021-12-08 22:05:35;;
p√©ssimo, n√£o consigo instalar uma skilll sem travar;1;0;2.2.436689.0;2021-12-07 22:59:32;;
Nova atualiza√ß√£o inutilizou o app.;1;2;2.2.435197.0;2021-11-16 09:20:50;;
Desincroniza os devices com muita frequ√™ncia.;1;0;2.2.421843.0;2021-09-07 21:29:45;;
No Android est√° deixando a desejar... N√£o funciona quase nada üòï;1;0;2.2.413073.0;2021-07-24 16:21:00;;
N√£o mostra mais lista de alarmes programados;2;0;2.2.413073.0;2021-07-26 10:13:05;;
Muito lento o app. Obrigado;1;0;2.2.426944.0;2021-10-06 14:06:15;;
T√° bugado pra Android!!!;1;1;2.2.435197.0;2021-11-14 18:21:09;;
Baixei o APP e n√£o consigo acessar a tela fica preta e expira o tempo;1;1;2.2.435197.0;2021-11-16 11:57:17;;
N√£o est√° rodando no Android 12;1;0;2.2.438005.0;2021-12-17 18:36:20;;
Lixo .pede senha umas 50vezes e fala que a senha e inv√°lida;1;0;2.2.432925.0;2021-11-01 16:21:35;;
Eu estava vazeto a senha n√£o esta ido mas poque;2;0;2.2.432925.0;2021-11-09 18:40:23;;
O bixa macumbeira adivinha o que que eu t√¥ pesando s√≥ meu netinho comprou esse tal de echo pra mim mas eu Mandei pr√≥s quintar do joalzim pra dar pro home so;1;1;2.2.430534.0;2021-10-25 14:21:27;;
aplicativo √© MUITO lento;2;0;2.2.435306.0;2021-11-24 20:39:55;;
APP extremamente lento;1;1;2.2.435306.0;2021-11-21 12:48:47;;
Trava muito, por diversas vezes n√£o consigo acessar minhas rotinas;1;0;2.2.432925.0;2021-11-05 07:59:57;;
Ela n√£o entende o que a gente fala. Tem que aperfei√ßoar;2;0;2.2.436689.0;2021-12-05 15:29:45;;
N√£o conecta com o YouTube music... inaceit√°vel!!!;1;0;2.2.416420.0;2021-08-13 11:32:00;;
